{"meta":{"total_listings":312},"data":{"listings":[{"name":"SeaWeed Co - South Portland","type":"dispensary","phone":"207-819-4114","city":"South Portland","state":"Maine","zipcode":"04106","slug":"seaweed-co"},{"name":"Lady Grown Deliveries","type":"delivery","phone":"2072450408","city":"Augusta","state":"Maine","zipcode":"04330","slug":"lady-grown-deliveries-5"},{"name":"Hive Medicinal","type":"dispensary","phone":"2074800144","city":"Waterville","state":"Maine","zipcode":"04901","slug":"hive-medicinal-1"},{"name":"Caniba Naturals","type":"dispensary","phone":"(207) 578-2102","city":"Farmington","state":"Maine","zipcode":"04938","slug":"caniba-naturals"},{"name":"Above and Beyond Cannabis LLC","type":"dispensary","phone":"207-563-2100","city":"Damariscotta","state":"Maine","zipcode":"04555","slug":"above-and-beyond-cannabis-llc-1"},{"name":"Harvest Goddess","type":"dispensary","phone":"(207) 457-6031","city":"Lebanon","state":"Maine","zipcode":"04027","slug":"harvest-goddess"},{"name":"Green Truck Farms","type":"dispensary","phone":"(207) 756-4420","city":"North Berwick","state":"Maine","zipcode":"03906","slug":"green-truck-farms-3"},{"name":"Elevate Maine - Yarmouth","type":"dispensary","phone":"207-242-8062","city":"Yarmouth","state":"Maine","zipcode":"04096","slug":"elevate-maine-yarmouth"},{"name":"Strawberry Fields Apothecary","type":"dispensary","phone":"(207) 420-8440","city":"Lewiston","state":"Maine","zipcode":"04240","slug":"strawberry-fields-apothecary"},{"name":"Cannaforge","type":"delivery","phone":"(207) 272-4181","city":"Biddeford","state":"Maine","zipcode":"04005","slug":"gaslandcannabisco"},{"name":"The Green Approach","type":"dispensary","phone":"(207) 749-9286","city":"Westbrook","state":"Maine","zipcode":"04092","slug":"the-green-approach"},{"name":"Mainely Medical","type":"dispensary","phone":"(207) 747-9192","city":"Scarborough","state":"Maine","zipcode":"04074","slug":"mainely-medical"},{"name":"YC3","type":"delivery","phone":"207-450-3306","city":"Parsonsfield","state":"Maine","zipcode":"04047","slug":"york-county-cannabis-care"},{"name":"HighNorth by Wellness Connection (South Portland)","type":"dispensary","phone":"(207) 553-9089","city":"South Portland","state":"Maine","zipcode":"04106","slug":"wellness-connection-main-thomaston"},{"name":"Lady Grown Deliveries","type":"delivery","phone":"2072450408","city":"Carrabassett Valley","state":"Maine","zipcode":"04947","slug":"ladygrown420-1"},{"name":"Amber Horizons","type":"dispensary","phone":"207-616-6473","city":"Waterville","state":"Maine","zipcode":"04901","slug":"amber-horizons"},{"name":"Northeast Alliance","type":"delivery","phone":"207-800-0420","city":"Biddeford","state":"Maine","zipcode":"04005","slug":"northeast-alliance-2"},{"name":"Spicy Salad Company","type":"delivery","phone":"(207) 200-4468","city":"Portland","state":"Maine","zipcode":"04102","slug":"spicy-salad-company-2"},{"name":"All Kind Bodega","type":"dispensary","phone":"(207) 383-9619","city":"Portland","state":"Maine","zipcode":"04102","slug":"all-kind"},{"name":"Biome","type":"dispensary","phone":"207-578-7337","city":"West Farmington","state":"Maine","zipcode":"04938","slug":"biome"},{"name":"Crystal Spring Healing Alternatives","type":"dispensary","phone":"(207) 241-2590 ","city":"Lewiston","state":"Maine","zipcode":"04240","slug":"crystal-spring-healing-alternatives"},{"name":"4207","type":"dispensary","phone":"(207) 356-9377","city":"Topsham","state":"Maine","zipcode":"04086","slug":"highbrow-topsham"},{"name":"Mystique of Maine","type":"dispensary","phone":"(207) 245-2645","city":"Auburn","state":"Maine","zipcode":"04210","slug":"mystique-of-maine"},{"name":"Holistic Wellness","type":"delivery","phone":"2075022193","city":"Kittery","state":"Maine","zipcode":"03904","slug":"holistic-wellness-consultants-3"},{"name":"Natural High","type":"dispensary","phone":"207-432-1714","city":"Lebanon","state":"Maine","zipcode":"04027","slug":"natural-high-2"},{"name":"Cheap Greens (NOW OPEN!)","type":"delivery","phone":"(207) 808-9513","city":"South Portland","state":"Maine","zipcode":"04106","slug":"cheap-greens"},{"name":"Casco Bay Medical","type":"doctor","phone":"(978) 705-1905 ","city":"Portland","state":"Maine","zipcode":"04101","slug":"casco-bay-medical-2"},{"name":"Maple Valley Pharms","type":"dispensary","phone":"(207) 859-3038","city":"Waterville","state":"Maine","zipcode":"04901","slug":"maple-valley-pharms"},{"name":"Earth Keeper Cannabis","type":"dispensary","phone":"2076459900","city":"Wilton","state":"Maine","zipcode":"04294","slug":"earth-keeper-cannabis"},{"name":"Theory Wellness - Waterville Recreational Dispensary","type":"dispensary","phone":"(207) 606-7175","city":"Waterville","state":"Maine","zipcode":"04901","slug":"theory-wellness-waterville"},{"name":"Power Plant","type":"dispensary","phone":"2076459667","city":"Wilton","state":"Maine","zipcode":"04294","slug":"power-plant-6"},{"name":"Indigo Farms","type":"delivery","phone":"2077514461","city":"Brunswick","state":"Maine","zipcode":"04011","slug":"indigo-farms"},{"name":"Beach Boys Cannabis Company - SoPo","type":"dispensary","phone":"(207) 835-0036","city":"South Portland","state":"Maine","zipcode":"04106","slug":"beach-boys-cannabis-company"},{"name":"Seed Sound Herbals","type":"dispensary","phone":"(207) 572-1234","city":"Windham","state":"Maine","zipcode":"04062","slug":"seed-sound-herbals"},{"name":"Maine Releaf","type":"dispensary","phone":"(207) 571-4992","city":"Biddeford","state":"Maine","zipcode":"04005","slug":"maine-releaf-3"},{"name":"Treeline Cannabis Co.","type":"dispensary","phone":"(207) 689-3188","city":"Lewiston","state":"Maine","zipcode":"04240","slug":"treeline-cannabis-co"},{"name":"indico","type":"doctor","phone":"207-500-7026","city":"kittery","state":"Maine","zipcode":"03904","slug":"indico-1"},{"name":"MEDS","type":"delivery","phone":"(207) 800-7324","city":"Biddeford","state":"Maine","zipcode":"04005","slug":"the-healthy-cannabis-co-3"},{"name":"Be Well My Friend LLC","type":"doctor","phone":"(855) 239-3556","city":"Freeport","state":"Maine","zipcode":"04032","slug":"be-well-my-friend-llc"},{"name":"Brook Haven Farms LLC","type":"delivery","phone":"2075008355","city":"Readfield","state":"Maine","zipcode":"04355","slug":"brook-haven-farms-llc"},{"name":"Higher Grounds","type":"dispensary","phone":"2075367550","city":"Portland","state":"Maine","zipcode":"04101","slug":"higher-grounds-1"},{"name":"Elixir Extracts","type":"delivery","phone":"2076080739","city":"Gray","state":"Maine","zipcode":"04071","slug":"elixir-extracts-1"},{"name":"Joey Nugz","type":"delivery","phone":"(207) 558-2432","city":"Lyman","state":"Maine","zipcode":"04083","slug":"joey-nugz"},{"name":"The Baked Boxer","type":"delivery","phone":"207-608-2748","city":"Springvale","state":"Maine","zipcode":"04083","slug":"the-baked-boxer"},{"name":"Stash Inc","type":"dispensary","phone":"207-464-0092","city":"Berwick","state":"Maine","zipcode":"03901","slug":"stash-inc-1"},{"name":"LitHouse Labs","type":"delivery","phone":"207-420-7372","city":"Scarborough","state":"Maine","zipcode":"04740","slug":"lithouse-labs-llc"},{"name":"Indico","type":"dispensary","phone":"2075007026","city":"Kittery","state":"Maine","zipcode":"03904","slug":"indico"},{"name":"Edens 207 - Biddeford","type":"delivery","phone":"207-400-4282","city":"Biddeford","state":"Maine","zipcode":"04005","slug":"edens-caregivers"},{"name":"Edens 207 - Portland","type":"delivery","phone":"2077106640","city":"Portland","state":"Maine","zipcode":"04102","slug":"edens-207-portland"},{"name":"Peak","type":"delivery","phone":"(833) 768-5263","city":"Brunswick","state":"Maine","zipcode":"04011","slug":"peak-3"},{"name":"Sweet Dirt - Recreational Cannabis (Now Open)","type":"dispensary","phone":"(207) 248-8685","city":"Portland","state":"Maine","zipcode":"04901","slug":"sweet-dirt-5"},{"name":"Marks Organix","type":"delivery","phone":"(207) 475-6224","city":"York","state":"Maine","zipcode":"03909","slug":"marks-organix"},{"name":"Greenbear Greencare","type":"delivery","phone":"(207) 717-0920","city":"Newport","state":"Maine","zipcode":"04933","slug":"greenbear-greencare"},{"name":"High Seas Provisions (NOW OPEN!)","type":"delivery","phone":"207-200-8184","city":"Scarborough","state":"Maine","zipcode":"04074","slug":"high-seas-provisions-1"},{"name":"Hazy Hill Farm","type":"delivery","phone":"(207) 417-0020","city":"Portland","state":"Maine","zipcode":"04103","slug":"hazy-hill-farm"},{"name":"Tricann","type":"dispensary","phone":"(844) 420-4325","city":"Berwick","state":"Maine","zipcode":"03901","slug":"tricann-alternatives"},{"name":"Northeast Alliance","type":"delivery","phone":"207-405-1645","city":"Portland","state":"Maine","zipcode":"04102","slug":"northeast-alliance"},{"name":"Caniba Delivery","type":"delivery","phone":"(207) 502-4518","city":"Southern Maine","state":"Maine","zipcode":"04073","slug":"caniba-naturals"},{"name":"Machhout Farms","type":"delivery","phone":"(207) 256-6802","city":"Fryeburg","state":"Maine","zipcode":"04037","slug":"machhout-farms"},{"name":"Cheeba Hawk Cannabis Company","type":"delivery","phone":"2073325795","city":"Portland","state":"Maine","zipcode":"04101","slug":"cheeba-hawk-cannabis-company"},{"name":"Fire on Fore","type":"dispensary","phone":"(207) 805-1870","city":"Portland","state":"Maine","zipcode":"04101","slug":"fire-on-fore-1"},{"name":"2 Dope Girls Delivery Service","type":"delivery","phone":"2075443217","city":"Limington","state":"Maine","zipcode":"04049","slug":"2-dope-girls-delivery-service"},{"name":"Kind & Co.","type":"dispensary","phone":"(207) 572-1086","city":"Windham","state":"Maine","zipcode":"04062","slug":"kind-and-co"},{"name":"Sugar Bud Farms","type":"delivery","phone":"2076241174","city":"Boothbay","state":"Maine","zipcode":"04537","slug":"sugar-bud-farms-1"},{"name":"207THC","type":"dispensary","phone":"2077409053","city":"Lewiston","state":"Maine","zipcode":"04240","slug":"207thc"},{"name":"Casco Bay Cannabis Company","type":"delivery","phone":"2072894992","city":"Portland","state":"Maine","zipcode":"04074","slug":"casco-bay-cannabis-company"},{"name":"Joey Nugz","type":"delivery","phone":"(207) 558-2432","city":"Sanford","state":"Maine","zipcode":"04073","slug":"joey-nugz-1"},{"name":"All Kind Delivery","type":"delivery","phone":"(207) 383-9619","city":"Scarborough","state":"Maine","zipcode":"04074","slug":"all-kind-llc"},{"name":"Bikinis & Buds","type":"delivery","phone":"207-420-8448","city":"Lewiston","state":"Maine","zipcode":"04240","slug":"bikinis-and-buds"},{"name":"The Healing Community MEDCo","type":"dispensary","phone":"866-426-3326","city":"Lewiston","state":"Maine","zipcode":"04240","slug":"the-healing-community-medco"},{"name":"Hive Medicinal","type":"dispensary","phone":"(207) 480-9004","city":"Chelsea","state":"Maine","zipcode":"04330","slug":"hive-medicinal"},{"name":"Healthy Choice Cannabis Products","type":"dispensary","phone":"2076163613","city":"Winslow","state":"Maine","zipcode":"04901","slug":"healthy-choice-cannabis-products-1"},{"name":"Cannabis Haven","type":"dispensary","phone":"(207) 241-7062","city":"Auburn","state":"Maine","zipcode":"04210","slug":"cannabis-haven"},{"name":"207 High","type":"dispensary","phone":"2076893626","city":"Lewiston","state":"Maine","zipcode":"04240","slug":"207-high"},{"name":"Maine Cannabis Exchange (REC)","type":"dispensary","phone":"2078315852","city":"South Portland","state":"Maine","zipcode":"04106","slug":"maine-cannabis-exchange-rec"},{"name":"Organic Goods","type":"delivery","phone":"(207) 216-2425","city":"Kittery","state":"Maine","zipcode":"03904","slug":"organic-goods"},{"name":"B's Trees","type":"delivery","phone":"(207) 502-4571","city":"Saco","state":"Maine","zipcode":"04072","slug":"b-s-trees"},{"name":"Edens 207 - Berwick","type":"delivery","phone":"2074004282","city":"Kennebunk","state":"Maine","zipcode":"04043","slug":"edens-207-berwick"},{"name":"Green Giant Medicinals","type":"delivery","phone":"(207) 502-0403","city":"Biddeford","state":"Maine","zipcode":"04005","slug":"green-giant-medicinals"},{"name":"Farley’s Cannabis Farm","type":"dispensary","phone":"2073894442","city":"Woolwich","state":"Maine","zipcode":"04579","slug":"farley-s-cannabis-farm"},{"name":"Edens 207 - Gorham","type":"delivery","phone":"2077109624","city":"Gorham","state":"Maine","zipcode":"04106","slug":"edens-207"},{"name":"Inhale Zen","type":"delivery","phone":"207-800-6007","city":"Standish","state":"Maine","zipcode":"04084","slug":"inhale-zen"},{"name":"Kismet Wellness","type":"delivery","phone":"2072006348","city":"Lyman","state":"Maine","zipcode":"04002","slug":"kismet-wellness"},{"name":"420ME","type":"delivery","phone":"(207) 653-5484","city":"Portland","state":"Maine","zipcode":"04101","slug":"420me"},{"name":"Tops Farm","type":"delivery","phone":"207-703-6162","city":"Kittery","state":"Maine","zipcode":"03904-1612","slug":"cc-agriculture"},{"name":"Black Tie Cannabis","type":"dispensary","phone":"207-933-8227","city":"Greene","state":"Maine","zipcode":"04236","slug":"black-tie-cannabis"},{"name":"MEDS","type":"delivery","phone":"207-800-7324","city":"Lewiston","state":"Maine","zipcode":"04240","slug":"meds"},{"name":"What’s Da Deal","type":"delivery","phone":"207-877-4833","city":"Augusta","state":"Maine","zipcode":"04330","slug":"what-s-da-deal"},{"name":"Maine’s Alternative Caring","type":"dispensary","phone":"(207)572-1603","city":"Windham","state":"Maine","zipcode":"04062","slug":"maine-s-alternative-caring"},{"name":"Ocean Grown Delivery","type":"delivery","phone":"(207) 703-3801","city":"Wells","state":"Maine","zipcode":"04090","slug":"ocean-grown-delivery"},{"name":"Highkey Cannabis","type":"delivery","phone":"2072805006","city":"Raymond","state":"Maine","zipcode":"04071","slug":"highkey-cannabis"},{"name":"Headquarters Medical Cannabis","type":"dispensary","phone":"207-999-1038","city":"Lyman","state":"Maine","zipcode":"04002","slug":"headquarters-medical-cannabis"},{"name":"Integr8 Health","type":"doctor","phone":"(207) 482-0188","city":"Falmouth","state":"Maine","zipcode":"04105","slug":"integr8-health"},{"name":"Finest Kind","type":"delivery","phone":"207-467-5198","city":"Biddeford","state":"Maine","zipcode":"04005","slug":"finest-kind-1"},{"name":"Seacoast Delivery","type":"delivery","phone":"207-405-4633","city":"York","state":"Maine","zipcode":"03909","slug":"seacoast-delivery"},{"name":"Limited Edition Farm","type":"dispensary","phone":"(207) 643-1033","city":"Solon","state":"Maine","zipcode":"04979","slug":"limited-edition-farm"},{"name":"Flowers Farmacy","type":"dispensary","phone":"207-616-0613","city":"Waterville","state":"Maine","zipcode":"04901","slug":"flowers-farmacy-3"},{"name":"Grass Monkey Cannabis Company","type":"dispensary","phone":"2078283900","city":"South Portland","state":"Maine","zipcode":"04106","slug":"grass-monkey-cannabis-company-2"},{"name":"Highbrow Bath","type":"dispensary","phone":"2073569377","city":"Bath","state":"Maine","zipcode":"04530","slug":"highbrow-2"},{"name":"The Gas Station - Lewiston","type":"dispensary","phone":"2073196870","city":"Lewiston","state":"Maine","zipcode":"04240","slug":"the-gas-station-lewiston"},{"name":"Highly Auburn","type":"dispensary","phone":"(207) 550-0705","city":"Auburn","state":"Maine","zipcode":"04210","slug":"highly-auburn-1"},{"name":"Sunkissed Cannabis","type":"delivery","phone":"207-604-0138","city":"Biddeford","state":"Maine","zipcode":"04005","slug":"sunkissed-cannabis-1"},{"name":"Summit Bros Cannabis","type":"delivery","phone":"2074598262","city":"Springvale","state":"Maine","zipcode":"04083","slug":"fast-fire-farms-3"},{"name":"Nature's Miracle","type":"dispensary","phone":"(207) 752-6694","city":"South Berwick","state":"Maine","zipcode":"03908","slug":"nature-s-miracle-2"},{"name":"Cannabis Cured - Thomaston","type":"dispensary","phone":"(207) 593-8601","city":"Thomaston","state":"Maine","zipcode":"04861","slug":"elite-glass"},{"name":"Cannabis Cured - Thomaston (COMING SOON!)","type":"dispensary","phone":"(207) 593-8033","city":"Thomaston","state":"Maine","zipcode":"04861","slug":"cannabis-cured-3"},{"name":"Zero Gravity Extracts","type":"delivery","phone":"207-200-3855","city":"Biddeford","state":"Maine","zipcode":"04005","slug":"zero-gravity-extracts-2"},{"name":"Elevation 207 - Farmington","type":"delivery","phone":"(207) 522-4106","city":"Farmington","state":"Maine","zipcode":"04938","slug":"elevation-207-farmington"},{"name":"Green Xtrax","type":"delivery","phone":"(207) 703-4458","city":"Cornish","state":"Maine","zipcode":"04020","slug":"green-xpress-3"},{"name":"Elixir Extracts (NOW OPEN!)","type":"delivery","phone":"2076080739","city":"Windham","state":"Maine","zipcode":"04073","slug":"elixir-extracts-2"},{"name":"Mind Body & Soul Support","type":"delivery","phone":"207-572-5331","city":"Gray","state":"Maine","zipcode":"04039","slug":"mind-body-soul-support"},{"name":"TheGlassCook","type":"dispensary","phone":"(207) 890-8871","city":"Fryeburg","state":"Maine","zipcode":"04037","slug":"theglasscook-2"},{"name":"Exhale Cannabis Company","type":"delivery","phone":"(207)408-2273","city":"Biddeford","state":"Maine","zipcode":"04005","slug":"exhale-cannabis-company-2"},{"name":"Your Green Thumb","type":"dispensary","phone":"(207) 703-0130","city":"Kittery","state":"Maine","zipcode":"03904","slug":"your-green-thumb"},{"name":"24 Hour Flower","type":"delivery","phone":"2072005597","city":"Biddeford","state":"Maine","zipcode":"04005","slug":"24-hour-flower-25"},{"name":"Theory Wellness - South Portland Recreational Dispensary","type":"dispensary","phone":"207-707-1626","city":"South Portland","state":"Maine","zipcode":"04106","slug":"theory-wellness-1"},{"name":"Organic Goods Dispensary","type":"dispensary","phone":"(207) 703-0269","city":"Eliot","state":"Maine","zipcode":"03903","slug":"organic-goods-dispensary"},{"name":"Greener Medical - Waterville","type":"dispensary","phone":"(207) 859-9484","city":"Waterville","state":"Maine","zipcode":"04901","slug":"greener-medical-waterville"},{"name":"Grove Cannabis Company","type":"delivery","phone":"2074754296","city":"Eliot","state":"Maine","zipcode":"03903","slug":"grove-cannabis-co"},{"name":"Canuvo","type":"dispensary","phone":"207-602-6130","city":"Biddeford","state":"Maine","zipcode":"04005","slug":"canuvo-1"},{"name":"Kind Acres Farm","type":"dispensary","phone":"(207) 449-2433","city":"Biddeford","state":"Maine","zipcode":"04005","slug":"kind-acres-farm"},{"name":"Curated Cannabis Company","type":"delivery","phone":"(207) 415-3047","city":"Portand","state":"Maine","zipcode":"04092","slug":"curated-cannabis-company"},{"name":"MEDCo","type":"dispensary","phone":"(866) 426-3326","city":"Lewiston","state":"Maine","zipcode":"04240","slug":"me-medco"},{"name":"Elevation 207","type":"delivery","phone":"(207) 522-4106","city":"Portland","state":"Maine","zipcode":"04101","slug":"elevation-207"},{"name":"MEDS","type":"delivery","phone":"(207) 800-7324","city":"Portland","state":"Maine","zipcode":"04103","slug":"the-healthy-cannabis-co"},{"name":"Robinsons of Maine","type":"delivery","phone":"207-213-8626","city":"Albion","state":"Maine","zipcode":"04910","slug":"robinsons-of-maine"},{"name":"Port City Relief","type":"dispensary","phone":"(857) 728-4827","city":"Scarborough","state":"Maine","zipcode":"04074","slug":"port-city-relief"},{"name":"Cupcakes Cannabis","type":"delivery","phone":"2073136182","city":"Waterville","state":"Maine","zipcode":"04901","slug":"cupcakes-cannabis"},{"name":"Kind Farms Reserve","type":"dispensary","phone":"2077153200","city":"Berwick","state":"Maine","zipcode":"03901","slug":"kind-farms-reserve-1"},{"name":"Pickalily Herb Farm & Apiary","type":"delivery","phone":"207-632-5524","city":"Buxton","state":"Maine","zipcode":"04093","slug":"pickalily-herb-farm-apiary"},{"name":"Peak","type":"delivery","phone":"(833) 768-5263","city":"Portland","state":"Maine","zipcode":"04103","slug":"peak-1"},{"name":"Smooth Remedies","type":"delivery","phone":"2073196074","city":"Dresden","state":"Maine","zipcode":"04011","slug":"smooth-remedies-1"},{"name":"Doctor Dirigo","type":"delivery","phone":"2034519250","city":"Raymond","state":"Maine","zipcode":"04071","slug":"doctor-dirigo"},{"name":"Gardengirl420","type":"dispensary","phone":"2073622080","city":"Smithfield","state":"Maine","zipcode":"04978","slug":"gardengirl420"},{"name":"Stoner&Co","type":"dispensary","phone":"(207) 494-7098","city":"Biddeford","state":"Maine","zipcode":"04005","slug":"stoner-co"},{"name":"The Gas Station - Gorham","type":"dispensary","phone":"2079379127","city":"Gorham","state":"Maine","zipcode":"04038","slug":"the-gas-station-11"},{"name":"Casco Botanical - Portland","type":"delivery","phone":"7814134162","city":"Portland","state":"Maine","zipcode":"04101","slug":"casco-botanical"},{"name":"CannaRx Delivery","type":"delivery","phone":"(207) 613-1100","city":"Windham","state":"Maine","zipcode":"04062","slug":"cannarx-windham"},{"name":"1 Mill","type":"dispensary","phone":"2073228718","city":"Belfast","state":"Maine","zipcode":"04915","slug":"1-mill"},{"name":"New World Organics Rockland","type":"dispensary","phone":"2075938905","city":"Rockland","state":"Maine","zipcode":"04841","slug":"new-world-organics"},{"name":"Elixir Extracts","type":"delivery","phone":"2072065325","city":"Sanford","state":"Maine","zipcode":"04073","slug":"elixir-extracts"},{"name":"Tops Farm","type":"delivery","phone":"207-703-6162","city":"Berwick","state":"Maine","zipcode":"03908","slug":"tops-farm"},{"name":"Zero Gravity Extracts","type":"delivery","phone":"207-200-5629","city":"Portland","state":"Maine","zipcode":"04101","slug":"zero-gravity-extracts"},{"name":"Mind Body & Soul Support","type":"delivery","phone":"207-572-5331","city":"Windham","state":"Maine","zipcode":"04062","slug":"mind-body-soul-support-llc"},{"name":"MEDS","type":"delivery","phone":"(207) 800-7324","city":"Sebago Lake","state":"Maine","zipcode":"04062","slug":"the-healthy-cannabis-co-4"},{"name":"Vacationland Cannabis Company","type":"dispensary","phone":"(207)-224-0166","city":"Turner","state":"Maine","zipcode":"04282","slug":"vacationland-cannabis-company"},{"name":"The Healer 207","type":"delivery","phone":"2074322592","city":"Lebanon","state":"Maine","zipcode":"04027","slug":"the-healer-207"},{"name":"Medex","type":"delivery","phone":"2075024621","city":"Lyman","state":"Maine","zipcode":"04002","slug":"medex-490"},{"name":"REDS MEDS NEW ENGLAND","type":"delivery","phone":"2072984330","city":"Biddeford","state":"Maine","zipcode":"04005","slug":"reds-meds-new-england-1"},{"name":"Alternative Essence (NOW OPEN!)","type":"dispensary","phone":"2072049665","city":"Windham","state":"Maine","zipcode":"04062","slug":"alternative-essence-1"},{"name":"New England Medicine & Counseling Associates","type":"doctor","phone":"603-903-2900","city":"Lebanon","state":"Maine","zipcode":"04027","slug":"new-england-medicine-counseling-associates-2"},{"name":"Green Roots Company","type":"dispensary","phone":"(207) 245-2679","city":"Hollis","state":"Maine","zipcode":"04042","slug":"green-roots-company"},{"name":"Sweet Dirt Medicinals","type":"dispensary","phone":"(207) 439-1600","city":"Eliot","state":"Maine","zipcode":"03903","slug":"sweetdirt-medicinals"},{"name":"Exhale Cannabis Company","type":"delivery","phone":"(207) 712-3052","city":"Portland","state":"Maine","zipcode":"04103","slug":"exhale-cannabis-company"},{"name":"Small Batch Maine","type":"dispensary","phone":"207-252-9664","city":"Lewiston","state":"Maine","zipcode":"04240","slug":"small-batch-maine"},{"name":"Green Leaf Botanics","type":"delivery","phone":"(207) 576-4428","city":"Lewiston \/ Auburn","state":"Maine","zipcode":"04240","slug":"green-leaf-botanics"},{"name":"The Bud Bar","type":"dispensary","phone":"207-588-7211","city":"Gardiner","state":"Maine","zipcode":"04345","slug":"the-bud-bar"},{"name":"Absolute Chronic Farms","type":"delivery","phone":"207-805-4065","city":"Biddeford","state":"Maine","zipcode":"04005","slug":"absolute-chronic-farms"},{"name":"Maine Marijuana Delivery","type":"delivery","phone":"2074200015","city":"Portland","state":"Maine","zipcode":"04103","slug":"maine-marijuana-delivery-2"},{"name":"Greenport Cannabis Co.","type":"dispensary","phone":"2074801698","city":"Augusta","state":"Maine","zipcode":"04330","slug":"greenport-cannabis-co"},{"name":"Elevate Maine - S. Portland","type":"dispensary","phone":"(207) 650-2520","city":"South Portland","state":"Maine","zipcode":"01406","slug":"elevate-maine-south-portland"},{"name":"The Great Atlantic Puffin Company","type":"dispensary","phone":"2079355444","city":"Fryeburg","state":"Maine","zipcode":"04037","slug":"the-great-atlantic-puffin-company"},{"name":"The Farm Stand","type":"dispensary","phone":"(207) 571-9433","city":"Saco","state":"Maine","zipcode":"04072","slug":"the-farm-stand"},{"name":"Beach Boys Cannabis Company - Old Port (NOW OPEN!)","type":"dispensary","phone":"2077475132","city":"Portland","state":"Maine","zipcode":"04101","slug":"beach-boys-cannabis-club-portland"},{"name":"indico","type":"dispensary","phone":"207-500-7029","city":"Stratton","state":"Maine","zipcode":"04982","slug":"indico-1"},{"name":"Herbalize","type":"dispensary","phone":"2072410014","city":"Auburn","state":"Maine","zipcode":"04210","slug":"herbalize-2"},{"name":"207 Pick Up Spot","type":"dispensary","phone":"207-468-0956","city":"Old Orchard Beach","state":"Maine","zipcode":"04064","slug":"207-pick-up-spot"},{"name":"Michelle Chmelecki","type":"doctor","phone":"(207) 470-0569","city":"Portland","state":"Maine","zipcode":"04101","slug":"michelle-chmelecki"},{"name":"West Paris Provisions","type":"dispensary","phone":"207-674-0015","city":"West Paris","state":"Maine","zipcode":"04281","slug":"west-paris-provisions"},{"name":"Blue Sky","type":"dispensary","phone":"2077780726","city":"Farmington","state":"Maine","zipcode":"04938","slug":"blue-sky-1"},{"name":"Hallowell 4twenty","type":"dispensary","phone":"207-248-6013","city":"Hallowell","state":"Maine","zipcode":"04347","slug":"hallowell-4twenty"},{"name":"Wicked Extractions Co.","type":"delivery","phone":"2075007028","city":"Lewiston","state":"Maine","zipcode":"04240","slug":"wicked-extractions-co"},{"name":"2 Fat Cats Organics","type":"delivery","phone":"207-465-6681","city":"Unity","state":"Maine","zipcode":"04988","slug":"2-fat-cats-organics"},{"name":"Cloud 9 Medicinal","type":"dispensary","phone":"2079753639","city":"Jefferson","state":"Maine","zipcode":"04348","slug":"cloud-9-medicinal"},{"name":"Babe's Medicaments","type":"delivery","phone":"(207) 200-8785","city":"Lewiston","state":"Maine","zipcode":"04240","slug":"babe-s-medicaments"},{"name":"Lewiville Sluggers","type":"delivery","phone":"(207) 402-0153","city":"Lewiston","state":"Maine","zipcode":"04240","slug":"lewiville-sluggers"},{"name":"Maine Cannabis Courier","type":"delivery","phone":"(207) 424-2430","city":"Anson","state":"Maine","zipcode":"04911","slug":"maine-cannabis-courier-4"},{"name":"Sunkissed Cannabis","type":"delivery","phone":"207-604-0138","city":"Kennebunk","state":"Maine","zipcode":"04043","slug":"sunkissed-cannabis"},{"name":"CannaRx - Windham","type":"dispensary","phone":"(207) 613-1100","city":"Windham","state":"Maine","zipcode":"04062","slug":"canna-rx-1"},{"name":"Farmacology","type":"dispensary","phone":"(207) 356-9377","city":"Manchester","state":"Maine","zipcode":"04351","slug":"highbrow-manchester"},{"name":"Curaleaf South Portland","type":"dispensary","phone":"207-560-8250","city":"South Portland","state":"Maine","zipcode":"04106","slug":"curaleaf-south-portland"},{"name":"Verde Cannabis","type":"dispensary","phone":"(207)-616-0211","city":"Waterville","state":"Maine","zipcode":"04901","slug":"verde-cannabis"},{"name":"Cultivate207","type":"delivery","phone":"2073738592","city":"Brunswick","state":"Maine","zipcode":"04011","slug":"cultivate207-1"},{"name":"Hive95 (NOW OPEN!)","type":"delivery","phone":"(207) 572-2805","city":"Lewiston","state":"Maine","zipcode":"04240","slug":"hive95-6"},{"name":"Cure Cannabis Co.","type":"dispensary","phone":"(207) 241-7328","city":"Auburn","state":"Maine","zipcode":"04210","slug":"cure-cannabis-co"},{"name":"Chariots of Fire - North","type":"delivery","phone":"2072007131","city":"Brunswick","state":"Maine","zipcode":"04011","slug":"chariots-of-fire"},{"name":"Atlantic Farms","type":"dispensary","phone":"207 613 9520","city":"Portland","state":"Maine","zipcode":"04103","slug":"atlantic-farms-1"},{"name":"House of Hash","type":"dispensary","phone":"(207) 536-1911","city":"South Portland","state":"Maine","zipcode":"04106","slug":"house-of-hash"},{"name":"indico","type":"delivery","phone":"(207) 500-7029","city":"Carrabassett Valley","state":"Maine","zipcode":"04947","slug":"indico-1"},{"name":"West's Family Farm","type":"delivery","phone":"2074024502","city":"Poland","state":"Maine","zipcode":"04274","slug":"west-s-family-farm"},{"name":"Moosehead Medicine LLC","type":"dispensary","phone":"2076952755","city":"Greenville Junction","state":"Maine","zipcode":"04442","slug":"moosehead-medicine-llc-1"},{"name":"Herban Cannoisseur","type":"dispensary","phone":"(207) 356-9377","city":"Waldoboro","state":"Maine","zipcode":"04572","slug":"highbrow-waldoboro"},{"name":"420 Pharma","type":"dispensary","phone":"2073457005","city":"Mechanic Falls","state":"Maine","zipcode":"04256","slug":"420-pharma"},{"name":"Hi-Lo Dispensary","type":"dispensary","phone":"2075152656","city":"Poland","state":"Maine","zipcode":"04274","slug":"hi-lo-dispensary"},{"name":"Sinsemilla Auburn","type":"dispensary","phone":"2072412466","city":"Auburn","state":"Maine","zipcode":"04210","slug":"sinsemilla-auburn"},{"name":"Discount Cannabis Company","type":"delivery","phone":"207-208-7142","city":"Bath","state":"Maine","zipcode":"04530","slug":"discount-cannabis-company"},{"name":"Landrace Cannabis Co (NOW OPEN!)","type":"dispensary","phone":"207-835-0092","city":"Portland","state":"Maine","zipcode":"04101","slug":"landrace-cannabis-co-1"},{"name":"Paul's Boutique","type":"dispensary","phone":"(207) 210-1993","city":"Windham","state":"Maine","zipcode":"04062","slug":"pauls-boutique-nursery-maine"},{"name":"Kush Gardens Maine","type":"delivery","phone":"(207) 209-3536","city":"Windham","state":"Maine","zipcode":"04038","slug":"kush-garden-maine"},{"name":"Vetted Cannabis","type":"dispensary","phone":"2074014141","city":"Sanford","state":"Maine","zipcode":"04073","slug":"vetted-1"},{"name":"Nature's Gift Medical","type":"dispensary","phone":"2073393050","city":"Lebanon","state":"Maine","zipcode":"04027","slug":"natures-gift-medical"},{"name":"Brickhouse Cannasseurs","type":"delivery","phone":"(207) 415-6600","city":"Portland","state":"Maine","zipcode":"04092","slug":"brickhouse-cannasseurs"},{"name":"Green Xtrax","type":"dispensary","phone":"(207) 703-4458","city":"Limerick","state":"Maine","zipcode":"04048","slug":"green-xtrax"},{"name":"Beach Boys Cannabis Company - OOB","type":"dispensary","phone":"207-286-6525","city":"Old Orchard Beach","state":"Maine","zipcode":"04064","slug":"beach-boys-cannabis-company-oob"},{"name":"Simply Reefa Delivery Co","type":"delivery","phone":"2078801339","city":"Lyman","state":"Maine","zipcode":"04002","slug":"simply-reefa-delivery-co"},{"name":"Farm to Table","type":"delivery","phone":"207 286 5656","city":"Portland","state":"Maine","zipcode":"04103","slug":"farm-to-table-1"},{"name":"REDS MEDS NEW ENGLAND","type":"delivery","phone":"2072984330","city":"Berwick","state":"Maine","zipcode":"03901","slug":"reds-meds-new-england-2"},{"name":"High Rollers","type":"dispensary","phone":"207-345-7013","city":"Mechanic Falls","state":"Maine","zipcode":"04256","slug":"high-rollers-5"},{"name":"Gasland Farms Office - Appointment Only","type":"dispensary","phone":"207-604-6649","city":"Biddeford","state":"Maine","zipcode":"04005","slug":"gasland-farms"},{"name":"indico","type":"delivery","phone":"(207) 500-7026","city":"Kittery","state":"Maine","zipcode":"03904","slug":"indico"},{"name":"High Tide Farms","type":"delivery","phone":"2076901429","city":"York","state":"Maine","zipcode":"03909","slug":"high-tide-farms"},{"name":"Cannabis Cured - Saco","type":"dispensary","phone":"(207) 619-4205","city":"Saco","state":"Maine","zipcode":"04072","slug":"cannabis-cured"},{"name":"CheapMedCards.com","type":"doctor","phone":"800-919-6583","city":"Portland","state":"Maine","zipcode":"04101","slug":"cheapmedcards-com"},{"name":"Southern Maine Apothecary","type":"dispensary","phone":"2072194432","city":"Kittery","state":"Maine","zipcode":"03904","slug":"southern-maine-apothecary"},{"name":"Maine Medical Canna Connection","type":"dispensary","phone":"207-715-0099","city":"Berwick","state":"Maine","zipcode":"03901","slug":"maine-medical-canna-connection"},{"name":"Speedy Tree Marijuana Delivery","type":"delivery","phone":"207-500-1389","city":"Augusta","state":"Maine","zipcode":"04363","slug":"speedy-tree-marijuana-delivery"},{"name":"Sweet Dirt - Recreational Cannabis","type":"dispensary","phone":"(207) 387-0661","city":"Waterville","state":"Maine","zipcode":"04901","slug":"sweet-dirt-waterville"},{"name":"The Gas Station - Limerick","type":"dispensary","phone":"2077930011","city":"Limerick","state":"Maine","zipcode":"04048","slug":"the-gas-station-limerick"},{"name":"The Flying Leaf","type":"delivery","phone":"(207) 558-2714","city":"Eliot","state":"Maine","zipcode":"03903","slug":"the-flying-leaf"},{"name":"Fast Fire Farm","type":"delivery","phone":"2076980861","city":"Berwick","state":"Maine","zipcode":"03908","slug":"fast-fire-farms"},{"name":"Holistic Wellness","type":"delivery","phone":"2075022193","city":"Biddeford","state":"Maine","zipcode":"04005","slug":"holistic-wellness-consultants-2"},{"name":"Sky Tide Cannabis Co.","type":"delivery","phone":"(207) 210-1633","city":"Portland","state":"Maine","zipcode":"04103","slug":"high-tide-cannabis"},{"name":"Wisely Cannabis - South Berwick","type":"dispensary","phone":"207-475-4268","city":"South Berwick","state":"Maine","zipcode":"03908","slug":"wisely-cannabis-1"},{"name":"Highbrow Rockland","type":"dispensary","phone":"2073569377","city":"Rockland","state":"Maine","zipcode":"04841","slug":"highbrow-1"},{"name":"Wisely Cannabis","type":"dispensary","phone":"(207) 351-7449","city":"Sanford","state":"Maine","zipcode":"04073","slug":"wisely-cannabis"},{"name":"Absolute Chronic Farms","type":"delivery","phone":"207-800-6744","city":"Westbrook","state":"Maine","zipcode":"04092","slug":"absolute-chronic-farms-2"},{"name":"Lady Grown Deliveries","type":"delivery","phone":"207-245-0408","city":"Berwick","state":"Maine","zipcode":"03901","slug":"lady-grown-deliveries-berwick"},{"name":"SeaWeed Co - Portland (NOW OPEN!)","type":"dispensary","phone":"207-800-3588","city":"Portland","state":"Maine","zipcode":"04101","slug":"seaweed-co-1"},{"name":"Grass Roots Marijuana","type":"dispensary","phone":"(207) 536-1734","city":"Portland","state":"Maine","zipcode":"04102","slug":"grass-roots-marijuana"},{"name":"High at Home","type":"delivery","phone":"6097445750","city":"Sanford","state":"Maine","zipcode":"04023","slug":"high-at-home"},{"name":"Mainely Exotics","type":"delivery","phone":"2074596913","city":"North Berwick","state":"Maine","zipcode":"03906","slug":"mainely-exotics"},{"name":"Kind Guy","type":"dispensary","phone":"(207) 292-9420","city":"Biddeford","state":"Maine","zipcode":"04005","slug":"kind-guy-3"},{"name":"Shannon's Best Buds","type":"delivery","phone":"207-391-0123","city":"Surfside","state":"Maine","zipcode":"04064","slug":"shannon-s-best-buds-2"},{"name":"Highly South Portland","type":"dispensary","phone":"(207) 520-2044","city":"South Portland","state":"Maine","zipcode":"04106","slug":"highly-south-portland"},{"name":"The Pot Stop","type":"delivery","phone":"207-550-7608","city":"South Portland","state":"Maine","zipcode":"04106","slug":"the-pot-stop-3"},{"name":"High-Dration","type":"delivery","phone":"(207) 475-5219","city":"Berwick","state":"Maine","zipcode":"03908","slug":"high-dration"},{"name":"Maine Cannabis Exchange (MED)","type":"dispensary","phone":"207-239-1483","city":"South Portland","state":"Maine","zipcode":"04106","slug":"maine-cannabis-exchange-1"},{"name":"Cannabis Cured - Portland (NOW OPEN!)","type":"dispensary","phone":"(207) 835-6066","city":"Portland","state":"Maine","zipcode":"04101","slug":"cannabis-cured-2"},{"name":"Wellness Connection of Maine Gardiner","type":"dispensary","phone":"(207) 620-8231","city":"Gardiner","state":"Maine","zipcode":"04345","slug":"wellness-connection-main-hallowell"},{"name":"Green Buddha","type":"delivery","phone":"2074200326","city":"Biddeford","state":"Maine","zipcode":"04005","slug":"green-buddha-4"},{"name":"Cannabis Haven","type":"dispensary","phone":"207-241-0768","city":"Auburn","state":"Maine","zipcode":"04027","slug":"cannabis-haven-1"},{"name":"Brook Haven Farms LLC","type":"delivery","phone":"2075008355","city":"Jay","state":"Maine","zipcode":"04239","slug":"brook-haven-farms-llc-1"},{"name":"Sinsemilla","type":"dispensary","phone":"(207) 241-2381","city":"Lewiston","state":"Maine","zipcode":"04240","slug":"sinsemilla-2"},{"name":"South Port Cannabis Company","type":"delivery","phone":"207-383-7818","city":"South Portland","state":"Maine","zipcode":"04106","slug":"south-port-cannabis-company"},{"name":"Above All Greenery","type":"dispensary","phone":"2077935014","city":"West Newfield","state":"Maine","zipcode":"04095","slug":"above-all-greenery-1"},{"name":"Farm to Table","type":"delivery","phone":"207 286 5656","city":"Biddeford","state":"Maine","zipcode":"04005","slug":"farm-to-table-2"},{"name":"The Shack 420","type":"dispensary","phone":"207-432-5887","city":"Lebanon","state":"Maine","zipcode":"04027","slug":"best-buds-farm"},{"name":"New World Organics - Maine","type":"dispensary","phone":"(207) 338-8336","city":"Belfast","state":"Maine","zipcode":"04915","slug":"new-world-organics-2"},{"name":"Odyssey Cannabis Delivery","type":"delivery","phone":"207-405-1154","city":"Biddeford","state":"Maine","zipcode":"04005","slug":"odyssey-cannabis-delivery-llc"},{"name":"Mystique of Maine","type":"dispensary","phone":"2078158524","city":"Portland","state":"Maine","zipcode":"04103","slug":"mystique-of-maine-1"},{"name":"The Coughing Man","type":"delivery","phone":"2072001653","city":"Portland","state":"Maine","zipcode":"04062","slug":"the-coughing-man"},{"name":"Becky's Buds - Portland","type":"delivery","phone":"207-714-0257","city":"Portland","state":"Maine","zipcode":"04101","slug":"becky-s-buds-llc"},{"name":"K. Family Farms","type":"delivery","phone":"2072337305","city":"Westbrook","state":"Maine","zipcode":"04092","slug":"k-family-farms"},{"name":"Green Bird","type":"delivery","phone":"207-270-7040","city":"Saco","state":"Maine","zipcode":"04072","slug":"green-bird-1"},{"name":"Green Giant Medicinals (NOW OPEN!)","type":"delivery","phone":"(207) 608-0948","city":"Eliot","state":"Maine","zipcode":"03903","slug":"green-giant-medicinals-4"},{"name":"Zero Gravity Extracts","type":"delivery","phone":"207-205-5751","city":"Sanford","state":"Maine","zipcode":"04073","slug":"zero-gravity-extracts-3"},{"name":"CheapMedCards.com","type":"doctor","phone":"800-919-6583","city":"Auburn","state":"Maine","zipcode":"04210","slug":"cheapmedcards-com-2"},{"name":"Cultivate207","type":"delivery","phone":"2073738592","city":"Freeport","state":"Maine","zipcode":"04032","slug":"cultivate207"},{"name":"Kind Wellness","type":"doctor","phone":"(207) 560-7288","city":"Portland","state":"Maine","zipcode":"04103","slug":"kind-wellness"},{"name":"Stroudwater General","type":"dispensary","phone":"(207) 420-7670","city":"Westbrook","state":"Maine","zipcode":"04092","slug":"positive-growth-gardens"},{"name":"JAR Cannabis Co. - Windham","type":"dispensary","phone":"(207) 893-8607","city":"Windham","state":"Maine","zipcode":"04062","slug":"jar-cannabis-co-1"},{"name":"Maple Valley Pharms","type":"delivery","phone":"(207) 859-3038","city":"Waterville","state":"Maine","zipcode":"04901","slug":"maple-valley-pharms"},{"name":"Relief Clinic","type":"doctor","phone":"(207) 241-2815","city":"Auburn","state":"Maine","zipcode":"04210","slug":"relief-clinic"},{"name":"Hallowell 4twenty","type":"delivery","phone":"207-248-6013","city":"Augusta","state":"Maine","zipcode":"04347","slug":"hallowell-4twenty"},{"name":"CheapMedCards.com","type":"doctor","phone":"800-919-6583","city":"Augusta","state":"Maine","zipcode":"04101","slug":"cheapmedcards-com-3"},{"name":"Casco Botanical - Westbrook","type":"delivery","phone":"7814134162","city":"Portland","state":"Maine","zipcode":"04102","slug":"casco-botanical-1"},{"name":"Elevate Maine","type":"delivery","phone":"207-242-8062","city":"Brunswick","state":"Maine","zipcode":"04011","slug":"elevate-maine"},{"name":"Hive95","type":"delivery","phone":"(207) 572-2805","city":"Standish","state":"Maine","zipcode":"04084","slug":"hive95-4"},{"name":"Spicy Salad Company","type":"delivery","phone":"(207) 200-4468","city":"Biddeford","state":"Maine","zipcode":"04005","slug":"spicy-salad-company-1"},{"name":"Wellness Connection of Maine Portland","type":"dispensary","phone":"(207) 553-9003","city":"Portland","state":"Maine","zipcode":"04102","slug":"wellness-connection-maine-portland"},{"name":"Homegrown Healthcare","type":"dispensary","phone":"207-395-5447","city":"Winthrop","state":"Maine","zipcode":"04364","slug":"homegrown-healthcare"},{"name":"High at Home","type":"delivery","phone":"6097445750","city":"Kittery","state":"Maine","zipcode":"03904","slug":"high-at-home-1"},{"name":"Maine Medical Canna Connection Delivery","type":"delivery","phone":"(207) 715-0099","city":"Berwick","state":"Maine","zipcode":"03901","slug":"maine-medical-canna-connection-delivery"},{"name":"YC3","type":"delivery","phone":"207-450-3306","city":"Waterboro","state":"Maine","zipcode":"04087","slug":"yc3"},{"name":"Marks Organix Inc","type":"dispensary","phone":"(207) 475-6224","city":"Kittery","state":"Maine","zipcode":"03904","slug":"marks-organix-inc"},{"name":"Ocean Grown Delivery","type":"delivery","phone":"(207) 703-3801","city":"Eliot","state":"Maine","zipcode":"03903","slug":"ogd"},{"name":"Mainely Vibes & Smoke Supplies (NOW OPEN!)","type":"delivery","phone":"207-317-7096","city":"Sebago Lake","state":"Maine","zipcode":"04062","slug":"mainely-vibes-smoke-supplies"},{"name":"Humble Family Farms","type":"dispensary","phone":"207-241-7022","city":"Auburn","state":"Maine","zipcode":"04210","slug":"humble-family-farms"},{"name":"Highly Maine","type":"dispensary","phone":"(207) 315-6719","city":"Boothbay","state":"Maine","zipcode":"04537","slug":"highly-maine"},{"name":"AAA Pharmaceutical Alternatives","type":"dispensary","phone":"(207) 576-2114","city":"Manchester","state":"Maine","zipcode":"04351","slug":"aaa-pharmaceutical-alternatives"},{"name":"Maine Coast Caregivers","type":"delivery","phone":"2078884420","city":"Detroit","state":"Maine","zipcode":"04929","slug":"maine-coast-caregivers-llc"},{"name":"Landrace Cannabis Co","type":"dispensary","phone":"207-292-8381","city":"Sanford","state":"Maine","zipcode":"04073","slug":"landrace-cannabis-co"},{"name":"JAR Cannabis Co. - Newry","type":"dispensary","phone":"(207) 824-1326","city":"Newry","state":"Maine","zipcode":"04261","slug":"jar-cannabis-co-3"},{"name":"The Dispensary (COMING SOON!)","type":"dispensary","phone":"207-317-0422","city":"South Portland","state":"Maine","zipcode":"04106","slug":"the-dispensary-11"},{"name":"The Smoke Connection LLC","type":"delivery","phone":"2075698780","city":"Sanford","state":"Maine","zipcode":"04073","slug":"the-smoke-connection-llc"},{"name":"East Coast Cannabis - Coming Soon!","type":"dispensary","phone":"0000000000","city":"Eliot","state":"Maine","zipcode":"03903","slug":"east-coast-cannabis-1"},{"name":"The Green Alchemist","type":"dispensary","phone":"(207) 616-3644","city":"Winslow","state":"Maine","zipcode":"04901","slug":"the-green-alchemist"},{"name":"WildFire","type":"dispensary","phone":"2078593027","city":"Waterville","state":"Maine","zipcode":"04901","slug":"wildfire-llc"},{"name":"GreenView Maine","type":"delivery","phone":"207-357-4172","city":"Mexico","state":"Maine","zipcode":"04257","slug":"greenview-maine"},{"name":"The Honeycomb Farm","type":"dispensary","phone":"2076453329","city":"Wilton","state":"Maine","zipcode":"04294","slug":"thehoneycomb-farm"},{"name":"Be Well My Friend LLC - Augusta","type":"doctor","phone":"(855) 239-3556","city":"Augusta","state":"Maine","zipcode":"04330","slug":"be-well-my-friend-llc-augusta"},{"name":"Curate Cannabis","type":"dispensary","phone":"207-224-0138","city":"Turner","state":"Maine","zipcode":"04282","slug":"curate-cannabis"},{"name":"Northern Grown","type":"dispensary","phone":"(207) 238-0301","city":"Fairfield","state":"Maine","zipcode":"04937","slug":"cannabis-cured-fairfield"},{"name":"Elevated Remedies of Brunswick","type":"dispensary","phone":"207-406-4720","city":"Brunswick","state":"Maine","zipcode":"04011","slug":"elevated-remedies-of-brunswick"},{"name":"Medible Delights","type":"dispensary","phone":"2073335032","city":"Lewiston","state":"Maine","zipcode":"04240","slug":"medible-delights"},{"name":"Doctors Choice","type":"delivery","phone":"(207) 710-1960","city":"Biddeford","state":"Maine","zipcode":"04005","slug":"doctors-choice"},{"name":"The Healing Community MEDCo","type":"delivery","phone":"1-866-42-MEDCo","city":"Lewiston","state":"Maine","zipcode":"04240","slug":"the-healing-community-medco"},{"name":"Elevate Maine Delivery","type":"delivery","phone":"207-242-8062","city":"South Portland","state":"Maine","zipcode":"04106","slug":"elevate-maine-1"},{"name":"Newton's Nursery","type":"delivery","phone":"207-272-8505","city":"Portland","state":"Maine","zipcode":"04106","slug":"newton-s-nursery"},{"name":"Sugar Bud Farms","type":"delivery","phone":"2076241711","city":"Gardiner","state":"Maine","zipcode":"04345","slug":"sugar-bud-farms"},{"name":"Friend Jen and Co","type":"dispensary","phone":"(207) 656-3250","city":"Richmond","state":"Maine","zipcode":"04357","slug":"friend-jen-co-2"},{"name":"Maine Only","type":"dispensary","phone":"207-803-8140","city":"Bridgton","state":"Maine","zipcode":"04009","slug":"maine-only"},{"name":"The Flying Leaf","type":"delivery","phone":"(207) 558-2714","city":"Berwick","state":"Maine","zipcode":"03901","slug":"the-flying-leaf-2"},{"name":"Ripple Wellness Office - Appt Only","type":"dispensary","phone":"207-502-0525","city":"Saco","state":"Maine","zipcode":"04072","slug":"ripple-wellness"},{"name":"Becky's Buds","type":"delivery","phone":"2077140257","city":"Gorham","state":"Maine","zipcode":"04038","slug":"beckys-buds-llc"},{"name":"Cworx and Co","type":"dispensary","phone":"(207)312-3128","city":"Turner","state":"Maine","zipcode":"04282","slug":"cworx-and-co"},{"name":"Hive95","type":"delivery","phone":"(207) 572-2805","city":"Biddeford","state":"Maine","zipcode":"04005","slug":"hive95-5"},{"name":"Above Board Cannabis Company","type":"dispensary","phone":"2076893285","city":"Auburn","state":"Maine","zipcode":"04210","slug":"above-board-cannabis-company"},{"name":"Pied Cow","type":"dispensary","phone":"(207) 704-0434","city":"South Berwick","state":"Maine","zipcode":"03908","slug":"pied-cow"},{"name":"The Coughing Man","type":"delivery","phone":"2072001653","city":"Windham","state":"Maine","zipcode":"04062","slug":"the-coughing-man-1"},{"name":"Above All Greenery","type":"delivery","phone":"2077935014","city":"West Newfield","state":"Maine","zipcode":"04095","slug":"above-all-greenery-1"},{"name":"Lady Grown Deliveries","type":"delivery","phone":"2072450408","city":"Portland","state":"Maine","zipcode":"04103","slug":"lady-grown-deliveries-2"}]}}