{"meta":{"total_listings":125},"data":{"listings":[{"name":"Blue Sage Cannabis Company - Carthage","type":"dispensary","phone":"4172379018","city":"Carthage","state":"Missouri","zipcode":"64836","slug":"blue-sage-cannabis-company-2"},{"name":"PrestoDoctor.com (100% Online)","type":"doctor","phone":"(650) 542-0420","city":"Springfield","state":"Missouri","zipcode":"65802","slug":"prestodoctor-com-100-online-19"},{"name":"The Green Clinics","type":"doctor","phone":"(816) 514-0023","city":"St. Joseph","state":"Missouri","zipcode":"64507","slug":"the-green-clinics-2"},{"name":"Green Health Docs","type":"doctor","phone":"(877) 242-0362","city":"Liberty","state":"Missouri","zipcode":"64068","slug":"green-health-docs-liberty"},{"name":"Nature's Green Health & Wellness Clinic","type":"doctor","phone":"417-771-5737","city":"Springfield","state":"Missouri","zipcode":"65810","slug":"nature-s-green-health-wellness-clinic"},{"name":"420Recs.com - Kansas City (100% Online)","type":"doctor","phone":"650-300-4334","city":"Kansas City","state":"Missouri","zipcode":"64119","slug":"420recs-421"},{"name":"Cannabis Doctors US - Olivette","type":"doctor","phone":"888-420-1536","city":"St. Louis","state":"Missouri","zipcode":"63132","slug":"cannabis-doctors-us-3"},{"name":"Elevate Holistics","type":"doctor","phone":"660-205-2215","city":"Columbia","state":"Missouri","zipcode":"65203","slug":"elevate-holistics-32"},{"name":"Springfield Marijuana Doctor","type":"doctor","phone":"(417) 986-0399","city":"Springfield","state":"Missouri","zipcode":"65804","slug":"springfield-marijuana-doctor"},{"name":"Greenlight - St. Louis City","type":"dispensary","phone":"844-785-9333","city":"St. Louis","state":"Missouri","zipcode":"63147","slug":"greenlight-st-louis-coming-soon"},{"name":"Serenity Medical Evaluations","type":"doctor","phone":"9517511450","city":"St Louis","state":"Missouri","zipcode":"63101","slug":"serenity-medical-evaluations-45"},{"name":"Cannabis Doctors US - St. Charles","type":"doctor","phone":"888-420-1536","city":"St. Charles","state":"Missouri","zipcode":"63301","slug":"cannabis-doctors-us-2"},{"name":"BesaMe Wellness - N Kansas City","type":"dispensary","phone":"816-775-2920","city":"N KANSAS CITY","state":"Missouri","zipcode":"64116","slug":"besame-wellness-3"},{"name":"Elevate Holistics","type":"doctor","phone":"660-205-2215","city":"Kansas City","state":"Missouri","zipcode":"64108","slug":"elevate-holistics-31"},{"name":"Missouri Health and Wellness - Kirksville (OPEN NOW)","type":"dispensary","phone":"660-956-0560","city":"Kirksville","state":"Missouri","zipcode":"63501","slug":"missouri-health-and-wellness-3"},{"name":"Missouri Cannabis Outreach","type":"doctor","phone":"(636) 466-3871","city":"Clayton","state":"Missouri","zipcode":"63117","slug":"missouri-cannabis-outreach"},{"name":"3Fifteen Primo - Valley Park","type":"dispensary","phone":"314-924-0101","city":"Valley Park","state":"Missouri","zipcode":"63088","slug":"3fifteen-primo-4"},{"name":"Green Releaf Dispensary - Mexico","type":"dispensary","phone":"5735675508","city":"Mexico","state":"Missouri","zipcode":"65265","slug":"green-releaf-dispensary-mexico"},{"name":"Shango - Joplin","type":"dispensary","phone":"5732890104","city":"Joplin","state":"Missouri","zipcode":"64804","slug":"shango"},{"name":"Green Sage Doctors LLC","type":"doctor","phone":"(816) 820-3004","city":"Independence","state":"Missouri","zipcode":"64055","slug":"green-sage-doctors-llc-2"},{"name":"High Profile Columbia","type":"dispensary","phone":"573-844-4007","city":"Columbia","state":"Missouri","zipcode":"65203","slug":"high-profile-46"},{"name":"Greenlight - Springfield","type":"dispensary","phone":"(417) 771-3712","city":"Springfield","state":"Missouri","zipcode":"65802","slug":"greenlight-springfield"},{"name":"Miracle Leaf Missouri","type":"doctor","phone":"8332603624","city":"Kansas City","state":"Missouri","zipcode":"64105","slug":"miracle-leaf-missouri"},{"name":"From the Earth - Brookside","type":"dispensary","phone":"816-782-6540","city":"Kansas City","state":"Missouri","zipcode":"64110","slug":"from-the-earth-5"},{"name":"Greenlight - Sikeston","type":"dispensary","phone":"573-507-3599","city":"Sikeston","state":"Missouri","zipcode":"63801","slug":"greenlight-sikeston-coming-soon"},{"name":"Green Health Docs","type":"doctor","phone":"(877) 242-0362","city":"St. Louis","state":"Missouri","zipcode":"63146","slug":"green-health-docs-st-louis"},{"name":"BELL CHIROPRACTIC & PAIN MANAGEMENT","type":"doctor","phone":"3148381983","city":"FLORISSANT","state":"Missouri","zipcode":"63031","slug":"bell-chiropractic-pain-management"},{"name":"Greenlight - Harrisonville","type":"dispensary","phone":"816-272-1655","city":"Harrisonville","state":"Missouri","zipcode":"64701","slug":"greenlight-harrisonville-coming-soon"},{"name":"PrestoDoctor.com (100% Online)","type":"doctor","phone":"(650) 542-0420","city":"Columbia","state":"Missouri","zipcode":"65201","slug":"prestodoctor-com-100-online-21"},{"name":"Elevate Holistics","type":"doctor","phone":"660-205-2215","city":"St. Louis","state":"Missouri","zipcode":"63126","slug":"elevate-holistics-33"},{"name":"Captiva Healing","type":"dispensary","phone":"(314) 462-9899","city":"Crestwood","state":"Missouri","zipcode":"63126","slug":"captiva-healing-1"},{"name":"BKind Dispensary - Imperial","type":"dispensary","phone":"636-467-2323","city":"Imperial","state":"Missouri","zipcode":"63052","slug":"bkind-dispensary"},{"name":"PrestoDoctor.com (100% Online)","type":"doctor","phone":"(650) 542-0420","city":"St. Louis","state":"Missouri","zipcode":"63102","slug":"prestodoctor-com-100-online-18"},{"name":"Missouri Green Team","type":"doctor","phone":"6146390257","city":"Columbia","state":"Missouri","zipcode":"65201","slug":"missouri-green-team-1"},{"name":"Green Health Docs","type":"doctor","phone":"(877) 242-0362","city":"Springfield","state":"Missouri","zipcode":"65804","slug":"green-health-docs-16"},{"name":"Greenlight - Hayti","type":"dispensary","phone":"573-507-3623","city":"Hayti","state":"Missouri","zipcode":"63851","slug":"greenlight-hayti-coming-soon"},{"name":"N達liss Cannabis | House Springs COMING SOON!","type":"dispensary","phone":"000-000-0000","city":"House Springs","state":"Missouri","zipcode":"63051","slug":"n-bliss-cannabis-house-springs"},{"name":"ReLeaf Resources","type":"dispensary","phone":"816-597-4768","city":"Grandview","state":"Missouri","zipcode":"64030","slug":"releaf-resources"},{"name":"BesaMe Wellness - Smithville","type":"dispensary","phone":"816-894-8930","city":"SMITHVILLE","state":"Missouri","zipcode":"64089","slug":"besame-wellness-1"},{"name":"N達liss Cannabis | Ellisville","type":"dispensary","phone":"314-627-2499","city":"Ellisville","state":"Missouri","zipcode":"63011","slug":"n-bliss-cannabis-ellisville"},{"name":"Cannabis Doctors US - St. Louis","type":"doctor","phone":"(888) 420-1536","city":"St. Louis","state":"Missouri","zipcode":"63118","slug":"cannabis-doctors-us-st-louis"},{"name":"Kind Goods - St. Peters","type":"dispensary","phone":"636-492-6400","city":"Saint Peters","state":"Missouri","zipcode":"63376","slug":"kind-goods-st-peters"},{"name":"MMJRecs Online Clinic","type":"doctor","phone":"8444665732","city":"Rolla \/ Osage Beach","state":"Missouri","zipcode":"65401","slug":"mmjrecs-online-clinic-16"},{"name":"St. Louis Marijuana Doctor","type":"doctor","phone":"3145976649","city":"St. Louis","state":"Missouri","zipcode":"63125","slug":"st-louis-marijuana-doctor"},{"name":"Roark Family Health, LLC","type":"doctor","phone":"(417) 847-1111","city":"Cassville","state":"Missouri","zipcode":"65625","slug":"roark-family-health-llc"},{"name":"Missouri Health and Wellness - Jefferson City","type":"dispensary","phone":"573-298-4067","city":"Jefferson City","state":"Missouri","zipcode":"65109","slug":"missouri-health-and-wellness-2"},{"name":"Green Health Docs","type":"doctor","phone":"(877) 242-0362","city":"Columbia","state":"Missouri","zipcode":"65203","slug":"green-health-docs-13"},{"name":"Missouri Green Doctors - Central West End","type":"doctor","phone":"(314) 802-1551","city":"St. Louis","state":"Missouri","zipcode":"63108","slug":"missouri-green-doctors-5"},{"name":"N達liss Cannabis | Manchester","type":"dispensary","phone":"314-627-2499","city":"Manchester","state":"Missouri","zipcode":"63021","slug":"n-bliss-cannabis-manchester"},{"name":"Midwest GreenCert","type":"doctor","phone":"314-596-9953","city":"St. Louis","state":"Missouri","zipcode":"63122","slug":"midwest-greencert"},{"name":"High Profile Harvestowne","type":"dispensary","phone":"636-224-6033","city":"St. Peters","state":"Missouri","zipcode":"63304","slug":"high-profile-45"},{"name":"BeLeaf Company","type":"dispensary","phone":"(844) 282-4305","city":"Earth City","state":"Missouri","zipcode":"63405","slug":"beleaf-company"},{"name":"Green Health Docs","type":"doctor","phone":"(877) 242-0362","city":"O'Fallon","state":"Missouri","zipcode":"63366","slug":"green-health-docs-o-fallon"},{"name":"BesaMe Wellness - Warrensburg COMING SOON!","type":"dispensary","phone":"000-000-0000","city":"WARRENSBURG","state":"Missouri","zipcode":"64093","slug":"besame-wellness"},{"name":"JANE Dispensary","type":"dispensary","phone":"(314) 464-4420","city":"University City","state":"Missouri","zipcode":"63130","slug":"jane-dispensary"},{"name":"BUDD Dispensary (Coming Soon!)","type":"dispensary","phone":"+15555555555","city":"Sunrise Beach","state":"Missouri","zipcode":"65079","slug":"budd-dispensary"},{"name":"Missouri Cannabis Outreach","type":"doctor","phone":"6364663871","city":"Kirksville","state":"Missouri","zipcode":"63501","slug":"missouri-cannabis-outreach-3"},{"name":"From The Earth Raytown COMING SOON!","type":"dispensary","phone":"816-782-6565","city":"Raytown","state":"Missouri","zipcode":"64133","slug":"from-the-earth-raytown"},{"name":"Dr C's Clinic","type":"doctor","phone":"5737185084","city":"Poplar Bluff","state":"Missouri","zipcode":"63901","slug":"dr-c-s-clinic"},{"name":"Proper Cannabis - Warrenton","type":"dispensary","phone":"636-255-8943","city":"Warrenton","state":"Missouri","zipcode":"63383","slug":"proper-cannabis-warrenton"},{"name":"Green Releaf Dispensary- Troy","type":"dispensary","phone":"6367752708","city":"Troy","state":"Missouri","zipcode":"63379","slug":"green-releaf-dispensary-troy"},{"name":"Nature Med - Kingston (Now Open!)","type":"dispensary","phone":"314-939-1076","city":"St Louis","state":"Missouri","zipcode":"63125","slug":"naturemed"},{"name":"Kathmandu Clinic","type":"doctor","phone":"(918) 814-3996","city":"Kirkwood","state":"Missouri","zipcode":"63122","slug":"kathmandu-clinic"},{"name":"Greenlight - Independence North","type":"dispensary","phone":"816-272-1661","city":"Independence","state":"Missouri","zipcode":"64056","slug":"greenlight-independence-coming-soon"},{"name":"Greenlight - Poplar Bluff","type":"dispensary","phone":"573-507-3562","city":"Poplar Bluff","state":"Missouri","zipcode":"63901","slug":"greenlight-poplar-bluff-coming-soon"},{"name":"Greenlight - Joplin","type":"dispensary","phone":"417-512-8606","city":"Joplin","state":"Missouri","zipcode":"64801","slug":"greenlight-joplin"},{"name":"Green Health Docs Joplin","type":"doctor","phone":"8772420362","city":"Joplin","state":"Missouri","zipcode":"64801","slug":"green-health-docs-joplin"},{"name":"From the Earth - Westside","type":"dispensary","phone":"816-782-6565","city":"Kansas City","state":"Missouri","zipcode":"64108","slug":"from-the-earth-6"},{"name":"The Green Clinics","type":"doctor","phone":"(816) 514-0023","city":"Kansas City","state":"Missouri","zipcode":"64105","slug":"the-green-clinics"},{"name":"The Farmer's Wife","type":"dispensary","phone":"417-512-9111","city":"West Plains","state":"Missouri","zipcode":"65775","slug":"the-farmer-s-wife-1"},{"name":"Missouri Green Doctors - Creve Coeur","type":"doctor","phone":"(314) 802-1551","city":"St Louis","state":"Missouri","zipcode":"63141","slug":"missouri-green-doctors"},{"name":"Kind Goods - Fenton","type":"dispensary","phone":"636-492-6400","city":"Fenton","state":"Missouri","zipcode":"63026","slug":"kind-goods-fenton"},{"name":"Greenlight - Bannister","type":"dispensary","phone":"816-895-6410","city":"KCMO","state":"Missouri","zipcode":"64132","slug":"greenlight-bannister-coming-soon"},{"name":"Marijuana Doctor-Telehealth-Missouri","type":"doctor","phone":"(863) 220-9377","city":"Columbia","state":"Missouri","zipcode":"65201","slug":"marijuana-doctor-telehealth-missouri"},{"name":"BesaMe Wellness - Liberty COMING SOON!","type":"dispensary","phone":"000-000-0000","city":"LIBERTY","state":"Missouri","zipcode":"64068","slug":"besame-wellness-2"},{"name":"Missouri Cannabis Outreach","type":"doctor","phone":"(636) 466-3871","city":"Columbia","state":"Missouri","zipcode":"65203","slug":"missouri-cannabis-outreach-2"},{"name":"Nature Med - Gladstone (NOW OPEN)","type":"dispensary","phone":"816-442-7838","city":"Gladstone","state":"Missouri","zipcode":"64118","slug":"nature-med-5"},{"name":"From the Earth - Independence","type":"dispensary","phone":"816-782-6566","city":"INDEPENDENCE","state":"Missouri","zipcode":"64055","slug":"from-the-earth-4"},{"name":"From The Earth McGee COMING SOON","type":"dispensary","phone":"000-000-0000","city":"Kansas City","state":"Missouri","zipcode":"64106","slug":"from-the-earth-mcgee"},{"name":"Missouri Green Doctors - Lebanon","type":"doctor","phone":"3148021551","city":"Lebanon","state":"Missouri","zipcode":"65536","slug":"missouri-green-doctors-4"},{"name":"Missouri Green Doctors - Sunset Hills","type":"doctor","phone":"(314) 802-1551","city":"Sunset Hills","state":"Missouri","zipcode":"63127","slug":"missouri-green-doctors-7"},{"name":"Missouri Health and Wellness - Washington","type":"dispensary","phone":"636-266-0055","city":"Washington","state":"Missouri","zipcode":"63090","slug":"missouri-health-and-wellness"},{"name":"healTHCity","type":"doctor","phone":"(314) 200-1555","city":"St. Louis","state":"Missouri","zipcode":"63144","slug":"healthcity"},{"name":"3Fifteen Primo","type":"dispensary","phone":"(573) 355-2866","city":"Columbia","state":"Missouri","zipcode":"65201","slug":"3fifteen-primo"},{"name":"Green Health Docs","type":"doctor","phone":"8772420362","city":"Arnold","state":"Missouri","zipcode":"63010","slug":"green-health-docs-17"},{"name":"Elevate Holistics","type":"doctor","phone":"660.205.2215","city":"Nixa","state":"Missouri","zipcode":"65714","slug":"elevate-holistics-d68c684b-cb4b-4e62-ab37-b336d8533dc1"},{"name":"Kansas City Marijuana Doctor","type":"doctor","phone":"8168395677","city":"Kansas City","state":"Missouri","zipcode":"64114","slug":"kansas-city-marijuana-doctor"},{"name":"Green Leaf Medical Marijuana Card Doctors","type":"doctor","phone":"636-888-2420","city":"Ballwin","state":"Missouri","zipcode":"63021","slug":"green-leaf-medical-marijuana-card-doctors"},{"name":"Greenlight - Prospect","type":"dispensary","phone":"000-000-0000","city":"Kansas City","state":"Missouri","zipcode":"64147","slug":"greenlight-prospect-coming-soon"},{"name":"Green Health Docs Springfield","type":"doctor","phone":"877-242-0362","city":"Springfield","state":"Missouri","zipcode":"65807","slug":"green-health-docs-springfield"},{"name":"Missouri Made Marijuana","type":"dispensary","phone":"417-317-5630","city":"Joplin","state":"Missouri","zipcode":"64804","slug":"missouri-made-marijuana"},{"name":"Root 66 - South Grand","type":"dispensary","phone":"3143915368","city":"Saint Louis","state":"Missouri","zipcode":"63118","slug":"root-66-south-grand"},{"name":"3rd Street Dispensary","type":"dispensary","phone":"(816) 890-9333","city":"Lee痴 Summit","state":"Missouri","zipcode":"64063","slug":"3rd-street-dispensary"},{"name":"Missouri Green Team","type":"doctor","phone":"614-639-0257","city":"St. Louis","state":"Missouri","zipcode":"63116","slug":"missouri-green-team"},{"name":"Elevate Holistics","type":"doctor","phone":"660-205-2215","city":"Springfield","state":"Missouri","zipcode":"65807","slug":"elevate-holistics-28"},{"name":"Shangri-La - Columbia South (Coming Soon!)","type":"dispensary","phone":" (888) 991-9222","city":"Columbia","state":"Missouri","zipcode":"65203","slug":"shangri-la-dispensaries"},{"name":"Green Health Docs TELEMEDICINE","type":"doctor","phone":"877-242-0362","city":"Cape Girardeau","state":"Missouri","zipcode":"63701","slug":"green-health-docs-telemedicine"},{"name":"Proper Cannabis - South County","type":"dispensary","phone":"314-328-0446","city":"Saint Louis","state":"Missouri","zipcode":"63125","slug":"proper-cannabis-south-county"},{"name":"Missouri Green Doctors - Maryland Heights","type":"doctor","phone":"(314) 802-1551","city":"Maryland Heights","state":"Missouri","zipcode":"63146","slug":"missouri-green-doctors-6"},{"name":"Ozarx Botanicals","type":"dispensary","phone":"5555555555","city":"Springfield","state":"Missouri","zipcode":"65807","slug":"ozarx-botanicals"},{"name":"Releaf Clinics- Kansas City","type":"doctor","phone":"816-323-4888","city":"Independence","state":"Missouri","zipcode":"64055","slug":"releaf-clinics"},{"name":"SWADE Cannabis - St. Peters","type":"dispensary","phone":"3149246500","city":"St. Peters","state":"Missouri","zipcode":"63376","slug":"swade-cannabis"},{"name":"PrestoDoctor.com (100% Online)","type":"doctor","phone":"(650) 542-0420","city":"Kansas City","state":"Missouri","zipcode":"64106","slug":"prestodoctor-com-100-online-17"},{"name":"Greenlight - Berkeley","type":"dispensary","phone":"844-785-9333","city":"Berkeley","state":"Missouri","zipcode":"63134","slug":"greenlight-berkeley-coming-soon"},{"name":"N達liss Cannabis | Festus COMING SOON!","type":"dispensary","phone":"314-627-2599","city":"Festus","state":"Missouri","zipcode":"63028","slug":"n-bliss-cannabis-festus"},{"name":"Green Health Docs","type":"doctor","phone":"(877) 242-0362","city":"Kansas City","state":"Missouri","zipcode":"64118","slug":"green-health-docs-af5a6bde-9707-41fd-9be9-f9e7201830a3"},{"name":"MMJ Clinic of America","type":"doctor","phone":"816-708-1670","city":"Kansas City","state":"Missouri","zipcode":"64131","slug":"mmj-clinic-of-america"},{"name":"Kind Remedy KC","type":"doctor","phone":"816-379-6557","city":"Independence","state":"Missouri","zipcode":"64057","slug":"kind-remedy-kc-1"},{"name":"BesaMe Wellness - Barry Road","type":"dispensary","phone":"816-384-0052","city":"Kansas City","state":"Missouri","zipcode":"64154","slug":"besame-wellness-barry-road"},{"name":"Blue Sage Cannabis Company - Lebanon","type":"dispensary","phone":"417-991-3491","city":"Lebanon","state":"Missouri","zipcode":"65536","slug":"blue-sage-cannabis-company-1"},{"name":"SWADE Cannabis - Ellisville","type":"dispensary","phone":"(314) 924-6500","city":"Ellisville","state":"Missouri","zipcode":"63011","slug":"swade-dispensary-1"},{"name":"Greenlight - Cape Girardeau","type":"dispensary","phone":"(573) 519-5035","city":"Cape Girardeau","state":"Missouri","zipcode":"63701","slug":"greenlight-cape-girardeau-coming-soon"},{"name":"Green Health Docs St Joseph","type":"doctor","phone":"8772420362","city":"St. Joseph","state":"Missouri","zipcode":"64506","slug":"green-health-docs-st-joseph"},{"name":"Green Releaf Dispensary - Moberly","type":"dispensary","phone":"6603721560","city":"Moberly","state":"Missouri","zipcode":"65270","slug":"green-releaf-dispensary"},{"name":"Missouri Health and Wellness - Sedalia","type":"dispensary","phone":"660-530-0119","city":"Sedalia","state":"Missouri","zipcode":"65301","slug":"missouri-health-and-wellness-1"},{"name":"CLOVR Dispensary","type":"dispensary","phone":"816-892-4458","city":"Belton","state":"Missouri","zipcode":"64012","slug":"clovr-cannabis"},{"name":"PrestoDoctor.com (100% Online)","type":"doctor","phone":"(650) 542-0420","city":"Independence","state":"Missouri","zipcode":"64050","slug":"prestodoctor-com-100-online-20"},{"name":"Greenlight - Branson","type":"dispensary","phone":"417-512-8621","city":"Branson","state":"Missouri","zipcode":"65616","slug":"greenlight-branson"},{"name":"Missouri Green Doctors - St. Louis City","type":"doctor","phone":"(314) 802-1551","city":"St. Louis","state":"Missouri","zipcode":"63102","slug":"missouri-green-doctors-2"},{"name":"The THC Firm","type":"doctor","phone":"417-374-7238","city":"Nixa","state":"Missouri","zipcode":"65714","slug":"the-thc-firm"},{"name":"Choice Med RX Cannabis Clinic","type":"doctor","phone":"816-766-0404","city":"Raytown","state":"Missouri","zipcode":"64133","slug":"choice-med-rx-cannabis-clinic"},{"name":"Canna Therapy MD","type":"doctor","phone":"(314) 229-6445","city":"Clayton","state":"Missouri","zipcode":"63105","slug":"canna-therapy-md"},{"name":"Greenlight - Ferguson","type":"dispensary","phone":"844-785-9333","city":"Ferguson","state":"Missouri","zipcode":"63135","slug":"greenlight-ferguson-coming-soon"},{"name":"Green Cross MO","type":"doctor","phone":"(816) 424-2420","city":"Kansas City","state":"Missouri","zipcode":"64015","slug":"green-cross-mo"},{"name":"Missouri Green Doctors - Clayton","type":"doctor","phone":"(314) 802-1551","city":"Clayton","state":"Missouri","zipcode":"63105","slug":"missouri-green-doctors-3"}]}}