{"meta":{"total_listings":363},"data":{"listings":[{"name":"RiseUpMD.com - Long Island (100% Online)","type":"doctor","phone":"(866) 847-7205","city":"Riverhead","state":"New York","zipcode":"11901","slug":"riseupmd-com-e025ed7c-e5c8-4f3f-a808-ac5e52236069"},{"name":"Serenity Medical Online","type":"doctor","phone":"(631) 213-1091","city":"New York","state":"New York","zipcode":"10002","slug":"serenity-medical-online"},{"name":"Green Health Docs New York - TELEMEDICINE","type":"doctor","phone":"877-242-0362","city":"New York City","state":"New York","zipcode":"10001","slug":"green-health-docs-new-york-telemedicine"},{"name":"Setauket Primary Medical Care","type":"doctor","phone":"(631) 941-4480","city":"East Setauket","state":"New York","zipcode":"11733","slug":"setauket-primary-medical-care"},{"name":"Dr. Sarah F. Powers","type":"doctor","phone":"(631) 858-0400","city":"Commack","state":"New York","zipcode":"11725","slug":"dr-sarah-f-powers-2"},{"name":"Vireo Health Delivery - Queens","type":"delivery","phone":"(844) 484-7366","city":"Queens","state":"New York","zipcode":"11372","slug":"vireo-health-delivery-queens"},{"name":"Columbia Care - Riverhead","type":"dispensary","phone":"(631) 861-4114","city":"Riverhead","state":"New York","zipcode":"11901","slug":"columbia-care-riverhead"},{"name":"Verilife - Bronx","type":"dispensary","phone":"(888) 493-6066","city":"Bronx","state":"New York","zipcode":"10474","slug":"pharmancannis-bronx"},{"name":"New York Pain Medicine and Physical Therapy","type":"doctor","phone":"(212) 245-7900","city":"New York","state":"New York","zipcode":"10017","slug":"new-york-pain-medicine-and-physical-therapy"},{"name":"Neurology Service Hillside","type":"doctor","phone":"(718) 904-0908","city":"Richmond Hill","state":"New York","zipcode":"11418","slug":"neurology-service-hillside"},{"name":"Stuart Reiber, M.D., P.C.","type":"doctor","phone":"(845) 354-1181","city":"Suffern","state":"New York","zipcode":"10901","slug":"stuart-reiber-m-d-p-c"},{"name":"Curaleaf Delivery","type":"delivery","phone":"1-833-470-5323","city":"Pine Plains","state":"New York","zipcode":"12567","slug":"curaleaf-pine-plains"},{"name":"Etain - NYC","type":"dispensary","phone":"(914) 437-7898","city":"New York","state":"New York","zipcode":"10022","slug":"etain-new-york-city"},{"name":"PrestoDoctor.com (100% Online)","type":"doctor","phone":"(650) 542-0420","city":"Queens","state":"New York","zipcode":"11106","slug":"prestodoctor-5"},{"name":"MedMen Buffalo - Williamsville","type":"dispensary","phone":"(716) 954-8276","city":"Buffalo","state":"New York","zipcode":"14221","slug":"medmen-buffalo-williamsville"},{"name":"Holistic On Call","type":"doctor","phone":"(315) 308-2727","city":"Buffalo","state":"New York","zipcode":"14203","slug":"holistic-on-call-3"},{"name":"Sleep Medicine & Neurology","type":"doctor","phone":"(516) 778-7533","city":"New Hyde Park","state":"New York","zipcode":"11042","slug":"sleep-medicine-neurology"},{"name":"PrestoDoctor.com (100% Online)","type":"doctor","phone":"(650) 542-0420","city":"Hempstead","state":"New York","zipcode":"11550","slug":"prestodoctor-6"},{"name":"MMJRecs Online Clinic","type":"doctor","phone":"844-466-5732","city":"Staten Island","state":"New York","zipcode":"10304","slug":"mmjrecs-online-clinic-15"},{"name":"Multispecialty Medical Office","type":"doctor","phone":"(718) 904-0908","city":"Brooklyn","state":"New York","zipcode":"11235","slug":"multispecialty-medical-office"},{"name":"Dr. Marshall Kramer","type":"doctor","phone":"(914) 625-7708","city":"Mt. Kisco","state":"New York","zipcode":"10549","slug":"dr-marshall-kramer-3"},{"name":"Pro-Medical New York, PLLC","type":"doctor","phone":"(212) 426-6287","city":"New York","state":"New York","zipcode":"10028","slug":"pro-medical-new-york-pllc"},{"name":"RiseUpMD.com - Brooklyn (100% Online)","type":"doctor","phone":"(866) 847-7205","city":"Brooklyn","state":"New York","zipcode":"11214","slug":"riseupmd-com-27a65630-9183-420d-8274-eb2665c43e29"},{"name":"Advanced Holistic Group (NYC)","type":"doctor","phone":"(212) 253-5501","city":"New York","state":"New York","zipcode":"10038","slug":"advanced-holistic-group-nyc"},{"name":"PrestoDoctor.com (100% Online)","type":"doctor","phone":"(650) 542-0420","city":"Albany","state":"New York","zipcode":"12206","slug":"prestodoctor-7"},{"name":"Neurology Services University","type":"doctor","phone":"(718) 904-0908","city":"Bronx","state":"New York","zipcode":"10452","slug":"neurology-services-university"},{"name":"Spinal & Skeletal Pain Medicine","type":"doctor","phone":"(315) 798-8737","city":"Utica","state":"New York","zipcode":"13502","slug":"spinal-and-skeletal-pain-medicine"},{"name":"Columbia Care - Rochester","type":"dispensary","phone":"(585) 678-8390","city":"Rochester","state":"New York","zipcode":"14621","slug":"columbia-care-rochester"},{"name":"QuickMedCards.com","type":"doctor","phone":"(207) 645-1646","city":"Rochester","state":"New York","zipcode":"14622","slug":"quickmedcards-com-4"},{"name":"Curaleaf Delivery","type":"delivery","phone":"1-833-470-5323","city":"Plattsburgh","state":"New York","zipcode":"12901","slug":"curaleaf-plattsburgh"},{"name":"Broadway Medical, PC","type":"doctor","phone":"(516) 599-9355","city":"Lynbrook","state":"New York","zipcode":"11563","slug":"broadway-medical-pc"},{"name":"Westchester Medical Care, P.C.","type":"doctor","phone":"(718) 904-0908","city":"Bronx","state":"New York","zipcode":"10461","slug":"westchester-medical-care-p-c"},{"name":"Dr. Edward J. Greaney","type":"doctor","phone":"(212) 726-7488","city":"New York","state":"New York","zipcode":"10016","slug":"dr-edward-j-greaney"},{"name":"Dr. Itzhak Medan","type":"doctor","phone":"(443) 676-2585","city":"Brooklyn","state":"New York","zipcode":"11210","slug":"dr-itzhak-medan"},{"name":"Dr. Alan Ng","type":"doctor","phone":"(347) 242-3387","city":"Elmhurst","state":"New York","zipcode":"11373","slug":"dr-alan-ng"},{"name":"Dr. A Kulik-New York","type":"doctor","phone":"(646) 279-5603","city":"East Hampton","state":"New York","zipcode":"11937","slug":"dr-a-kulik-new-york"},{"name":"Vireo Health - Albany","type":"dispensary","phone":"(844) 484-7366","city":"Albany","state":"New York","zipcode":"12205","slug":"vireo-health-albany"},{"name":"Vireo Delivery","type":"delivery","phone":"844-484-7366  ","city":"Brooklyn","state":"New York","zipcode":"11221","slug":"vireo-delivery-brooklyn"},{"name":"Vireo Delivery","type":"delivery","phone":"844-484-7366  ","city":"Hicksville","state":"New York","zipcode":"11801","slug":"vireo-delivery-hicksville"},{"name":"Vireo Manhattan Delivery","type":"delivery","phone":"844-484-7366  ","city":"Manhattan","state":"New York","zipcode":"10036","slug":"vireo-manhattan-delivery"},{"name":"PrestoDoctor.com (100% Online)","type":"doctor","phone":"(650) 542-0420","city":"Manhattan","state":"New York","zipcode":"10002","slug":"prestodoctor-2"},{"name":"MMJ DOCTORS","type":"doctor","phone":"(888) 578-6704","city":"New York","state":"New York","zipcode":"10016","slug":"mmj-doctors"},{"name":"PrestoDoctor.com (100% Online)","type":"doctor","phone":"(650) 542-0420","city":"Syracuse","state":"New York","zipcode":"13207","slug":"prestodoctor-9"},{"name":"Curaleaf Delivery","type":"delivery","phone":"1-833-470-5323","city":"North Creek","state":"New York","zipcode":"12853","slug":"curaleaf-north-creek"},{"name":"Landmark Health Systems","type":"doctor","phone":"(716) 462-0284","city":"Buffalo","state":"New York","zipcode":"14209","slug":"landmark-health-systems"},{"name":"Buffalo 420 Marijuana Doctor","type":"doctor","phone":"(800) 510-6490","city":"Buffalo","state":"New York","zipcode":"14207","slug":"buffalo-420-marijuana-doctor"},{"name":"Curaleaf Delivery","type":"delivery","phone":"1-833-470-5323","city":"Lowville","state":"New York","zipcode":"13367","slug":"curaleaf-lowville"},{"name":"Dr. Jonathan S. Leibowitz","type":"doctor","phone":"(718) 972-7222","city":"Brooklyn","state":"New York","zipcode":"11219","slug":"dr-jonathan-s-leibowitz"},{"name":"Curaleaf Delivery","type":"delivery","phone":"1-833-470-5323","city":"Kingston","state":"New York","zipcode":"12401","slug":"curaleaf-kingston"},{"name":"RiseUpMD.com - Manhattan (100% Online)","type":"doctor","phone":"(866) 847-7205","city":"Manhattan","state":"New York","zipcode":"10002","slug":"riseupmd-com-b06dc769-c6c3-4825-b45d-51c344cafd05"},{"name":"NY Medical Marijuana Associates","type":"doctor","phone":"(516) 537-8520","city":"Queens","state":"New York","zipcode":"11368","slug":"ny-medical-marijuana-associates-3"},{"name":"Family Health Medical Services","type":"doctor","phone":"(716) 753-7107","city":"Mayville","state":"New York","zipcode":"14757","slug":"dr-alexander-z-selioutski"},{"name":"Marcellus Health","type":"doctor","phone":"(516) 728-0672","city":"Valley Stream","state":"New York","zipcode":"11580","slug":"dr-jean-j-marcellus"},{"name":"OMNI Medical Care","type":"doctor","phone":"(845) 566-6664","city":"Newburgh","state":"New York","zipcode":"12550","slug":"omni-medical-care"},{"name":"Etain - Kingston","type":"dispensary","phone":"(914) 437-7898","city":"Kingston","state":"New York","zipcode":"12401","slug":"etain-kingston"},{"name":"Serenity Medical Evaluations","type":"doctor","phone":"(631) 213-1091","city":"Babylon","state":"New York","zipcode":"11704","slug":"serenity-medical-evaluations-19"},{"name":"Dutchess Neurology, PLLC","type":"doctor","phone":"(845) 454-6243","city":"Poughkeepsie","state":"New York","zipcode":"12601","slug":"dutchess-neurology-pllc"},{"name":"iCannaMed.com","type":"doctor","phone":"(860) 410-6122","city":"Westchester","state":"New York","zipcode":"99999","slug":"icannamed-com-5"},{"name":"Verilife - Albany","type":"dispensary","phone":"(888) 493-6066","city":"Albany","state":"New York","zipcode":"12203","slug":"pharmancannis-albany"},{"name":"Vireo Queens Delivery","type":"delivery","phone":"844-484-7366  ","city":"Astoria","state":"New York","zipcode":"11103","slug":"vireo-queens-delivery"},{"name":"Hemp Central","type":"doctor","phone":"3473542420","city":"Brooklyn","state":"New York","zipcode":"11203","slug":"hemp-central-2"},{"name":"RiseUpMD.com - Queens (100% Online)","type":"doctor","phone":"(866) 847-7205","city":"Elmhurst","state":"New York","zipcode":"11373","slug":"riseupmd-com-fabd6320-1d77-4b74-a0f6-a06d95d0bb6a"},{"name":"My Doctor 420","type":"doctor","phone":"847-840-1784","city":"Staten Island","state":"New York","zipcode":"10314","slug":"my-doctor-420"},{"name":"Curaleaf NY - Carle Place","type":"dispensary","phone":"(516) 534-2872","city":"Carle Place","state":"New York","zipcode":"11514","slug":"curaleaf-nassau"},{"name":"Vireo Delivery","type":"delivery","phone":"844-484-7366  ","city":"The Bronx","state":"New York","zipcode":"10466","slug":"vireo-delivery-bronx-3"},{"name":"My Doctor 420","type":"doctor","phone":"847-840-1784","city":"West Hempstead","state":"New York","zipcode":"11552","slug":"my-doctor-420-3"},{"name":"RiseUpMD.com - Nassau (100% Online)","type":"doctor","phone":"(866) 847-7205","city":"Glen Cove","state":"New York","zipcode":"11542","slug":"riseupmd-com-b8d9ad85-0c61-45b9-a374-1c1bd2979329"},{"name":"OnlineMedicalCard.com (100% Online)","type":"doctor","phone":"888 988 8420","city":"Bronx","state":"New York","zipcode":"10453","slug":"online-medical-cards-53"},{"name":"Dr. Randa Jaafar, MD","type":"doctor","phone":"(212) 991-9991","city":"New York","state":"New York","zipcode":"10017","slug":"dr-randa-jaafar-md"},{"name":"Dr. Perry C. Cook","type":"doctor","phone":"(718) 780-5541","city":"Brooklyn","state":"New York","zipcode":"11215","slug":"dr-perry-c-cook"},{"name":"Mobile Cannabis Connect","type":"doctor","phone":"(914) 329-9651","city":"Bronx","state":"New York","zipcode":"10461","slug":"mobile-cannabis-connect-5"},{"name":"MedMen Syracuse - Galeville","type":"dispensary","phone":"(315) 802-5379","city":"Salina","state":"New York","zipcode":"13212","slug":"medmen-syracuse-galeville"},{"name":"Curaleaf Delivery","type":"delivery","phone":"1-833-470-5323","city":"Boonville","state":"New York","zipcode":"13309","slug":"curaleaf-boonville"},{"name":"Columbia Care - Monroe County Delivery","type":"delivery","phone":"(585) 678-8390","city":"Rochester","state":"New York","zipcode":"14604","slug":"columbia-care-monroe-county"},{"name":"Curaleaf Delivery","type":"delivery","phone":"1-833-470-5323","city":"Elizabethtown","state":"New York","zipcode":"12932","slug":"curaleaf-elizabethtown"},{"name":"Holistic On Call","type":"doctor","phone":"(315) 308-2727","city":"Brooklyn","state":"New York","zipcode":"11205","slug":"holistic-on-call-4"},{"name":"North Shore Rehabilitation Associates","type":"doctor","phone":"(516) 466-9300","city":"Great Neck","state":"New York","zipcode":"11021","slug":"north-shore-rehabilitation-associates"},{"name":"In Touch With Your Health","type":"doctor","phone":"(631) 689-2846","city":"Stony Brook","state":"New York","zipcode":"11790","slug":"in-touch-with-your-health"},{"name":"NYU Comprehensive Epilepsy Center","type":"doctor","phone":"(646) 558-0803","city":"New York","state":"New York","zipcode":"10016","slug":"dr-orrin-devinsky"},{"name":"QOL Clinic","type":"doctor","phone":"(646) 577-1664","city":"New York","state":"New York","zipcode":"10019","slug":"qol-clinic"},{"name":"Dr. Juliann M. Paolicchi","type":"doctor","phone":"(212) 661-7460","city":"New York","state":"New York","zipcode":"10017","slug":"dr-juliann-m-paolicchi"},{"name":"Vireo Nassau Delivery","type":"delivery","phone":"844-484-7366  ","city":"Nassau","state":"New York","zipcode":"11558","slug":"vireo-nassau-delivery-3"},{"name":"Verilife - Liverpool","type":"dispensary","phone":"315-666-1185","city":"Liverpool","state":"New York","zipcode":"13088","slug":"pharmancannis-liverpool"},{"name":"Vireo Delivery","type":"delivery","phone":"844-484-7366  ","city":"North Salem","state":"New York","zipcode":"10560","slug":"vireo-delivery-salem"},{"name":"Dr. Mary R Clifton","type":"doctor","phone":"(231) 342-6132","city":"New York","state":"New York","zipcode":"10065","slug":"dr-mary-r-wendt"},{"name":"CheapMedCards.com","type":"doctor","phone":"800-919-6583","city":"Manhattan","state":"New York","zipcode":"10022","slug":"cheapmedcards-com-5"},{"name":"Dr. Peter R. Neumann, MD","type":"doctor","phone":"(516) 484-0800","city":"Roslyn Heights","state":"New York","zipcode":"11577","slug":"dr-peter-r-neumann-md"},{"name":"MedMen NYC - Fifth Avenue","type":"dispensary","phone":"(646) 846-5551","city":"New York","state":"New York","zipcode":"10016","slug":"medmen-nyc-fifth-avenue"},{"name":"MedMarijuana Consultants","type":"doctor","phone":"(315) 637-7900","city":"Liverpool","state":"New York","zipcode":"13088","slug":"medmarijuana-consultants"},{"name":"Curaleaf Delivery","type":"delivery","phone":"1-833-470-5323","city":"Liberty","state":"New York","zipcode":"12754","slug":"curaleaf-liberty"},{"name":"Dr James Goodrich (House Calls)","type":"doctor","phone":"(212) 545-9676","city":"New York","state":"New York","zipcode":"10010","slug":"dr-james-goodrich"},{"name":"Vireo Delivery","type":"delivery","phone":"844-484-7366  ","city":"Woodrow","state":"New York","zipcode":"10312","slug":"vireo-delivery-staten-island"},{"name":"Mobile Cannabis Connect","type":"doctor","phone":"(914) 329-9651","city":"Manhattan","state":"New York","zipcode":"10028","slug":"mobile-cannabis-connect-3"},{"name":"First Choice Medical-Holbrook","type":"doctor","phone":"(631) 325-2255","city":"Holbrook","state":"New York","zipcode":"11741","slug":"first-choice-medical-holbrook"},{"name":"Midtown Direct Medical Care","type":"doctor","phone":"(917) 902-9777","city":"New York","state":"New York","zipcode":"10036","slug":"mid-town-marijuana"},{"name":"Dr. Alan Roth","type":"doctor","phone":"(718) 849-0624","city":"Kew Gardens","state":"New York","zipcode":"11415","slug":"dr-alan-roth"},{"name":"Dr. Jeffrey S. Crespin","type":"doctor","phone":"(646) 660-4006","city":"New York","state":"New York","zipcode":"10019","slug":"dr-jeffrey-s-crespin-3"},{"name":"Vireo Delivery","type":"delivery","phone":"844-484-7366  ","city":"Centereach","state":"New York","zipcode":"11720","slug":"vireo-delivery-centereach"},{"name":"Vitality NYC","type":"doctor","phone":"(212) 662-7193","city":"Garden City","state":"New York","zipcode":"11530","slug":"vitality-nyc-2"},{"name":"Dr. Leopold D. Galland","type":"doctor","phone":"(212) 989-6733","city":"New York","state":"New York","zipcode":"10011","slug":"dr-leopold-d-galland"},{"name":"Dr. Marshall Kramer","type":"doctor","phone":"(914) 625-7708","city":"New City","state":"New York","zipcode":"10956","slug":"dr-marshall-kramer-2"},{"name":"Mobile Cannabis Connect","type":"doctor","phone":"(914) 329-9651","city":"Yonkers","state":"New York","zipcode":"10705","slug":"mobile-cannabis-connect"},{"name":"Vireo Delivery","type":"delivery","phone":"844-484-7366  ","city":"Flushing","state":"New York","zipcode":"11355","slug":"vireo-delivery-flushing"},{"name":"Dr. Karan Johar","type":"doctor","phone":"(212) 371-8460","city":"New York","state":"New York","zipcode":"10003","slug":"dr-karan-johar"},{"name":"Curaleaf Delivery","type":"delivery","phone":"1-833-470-5323","city":"Watertown","state":"New York","zipcode":"13601","slug":"curaleaf-watertown"},{"name":"Vireo Putnam Delivery","type":"delivery","phone":"844-484-7366  ","city":"Putnam Valley","state":"New York","zipcode":"10579","slug":"vireo-putnam-delivery"},{"name":"New York Caregivers","type":"doctor","phone":"(718) 218-4871","city":"Brooklyn","state":"New York","zipcode":"11202","slug":"new-york-caregivers"},{"name":"Dr. Leon Hodes","type":"doctor","phone":"(516) 887-1900","city":"East Rockaway","state":"New York","zipcode":"11518","slug":"dr-leon-hodes"},{"name":"The Botanist - Buffalo","type":"dispensary","phone":"(716) 322-4411","city":"Buffalo","state":"New York","zipcode":"14204","slug":"the-botanist-buffalo"},{"name":"Vireo Westchester County Delivery","type":"delivery","phone":"844-484-7366  ","city":"Westchester County","state":"New York","zipcode":"10560","slug":"vireo-westchester-county-delivery-2"},{"name":"MedMen Long Island - Lake Success","type":"dispensary","phone":"(516) 882-1934","city":"Lake Success","state":"New York","zipcode":"11042","slug":"medmen-long-island-lake-success"},{"name":"Hemp Central","type":"doctor","phone":"3473542420","city":"Manhattan","state":"New York","zipcode":"10003","slug":"hemp-central-1"},{"name":"Holistic On Call","type":"doctor","phone":"(315) 308-2727","city":"Syracuse","state":"New York","zipcode":"13206","slug":"holistic-on-call"},{"name":"My Doctor 420","type":"doctor","phone":"847-840-1784","city":"Utica","state":"New York","zipcode":"13501","slug":"my-doctor-420-2"},{"name":"Curaleaf NY - Plattsburgh","type":"dispensary","phone":"(518) 930-4340","city":"Plattsburgh","state":"New York","zipcode":"12901","slug":"curaleaf-ny-plattsburgh"},{"name":"Dr. Moshe H. Shirazi","type":"doctor","phone":"(516) 433-4828","city":"Plainview","state":"New York","zipcode":"11803","slug":"dr-moshe-h-shirazi"},{"name":"Dr. Jonathan M. Hirsch","type":"doctor","phone":"(718) 376-5177","city":"Brooklyn","state":"New York","zipcode":"11229","slug":"dr-jonathan-m-hirsch"},{"name":"Be. Hudson Valley","type":"dispensary","phone":"845 335 4470","city":"Wappinger Falls","state":"New York","zipcode":"12590","slug":"citiva-wappinger-falls"},{"name":"Serenity Medical Online","type":"doctor","phone":"(631) 213-1091","city":"Queens","state":"New York","zipcode":"11355","slug":"serenity-medical-online-3"},{"name":"Neurology Services Arthur","type":"doctor","phone":"(718) 904-0908","city":"Bronx","state":"New York","zipcode":"10458","slug":"neurology-services-aurthur"},{"name":"Vireo Health - Queens Patient Center","type":"dispensary","phone":"(844) 484-7366","city":"Queens","state":"New York","zipcode":"11373","slug":"vireo-health-queens-patient-center"},{"name":"Parkway Pain Care and Rehabilitation","type":"doctor","phone":"(718) 941-6000","city":"Rockville Centre","state":"New York","zipcode":"11570","slug":"parkway-pain-care-and-rehabilitation"},{"name":"MMJ DOCTORS","type":"doctor","phone":"(888) 578-6704","city":"Brooklyn","state":"New York","zipcode":"11214","slug":"mmj-doctors-3"},{"name":"MedicalMarijuanaCard.NYC","type":"doctor","phone":"(917) 727-0025","city":"Middle Village","state":"New York","zipcode":"11379","slug":"medicalmarijuanacard-nyc"},{"name":"Dr. Weedy Clinic Online - Albany","type":"doctor","phone":"+1 888 409 29 51","city":"Albany","state":"New York","zipcode":"12202","slug":"dr-weedy-b8fd1686-f44c-4996-82bd-8170f79c094d"},{"name":"JSJ Medical Group","type":"doctor","phone":"(718) 927-0027","city":"Brooklyn","state":"New York","zipcode":"11236","slug":"dr-mark-c-joseph"},{"name":"Dr. Michael C. Poliseno","type":"doctor","phone":"(516) 375-5904","city":"Merrick","state":"New York","zipcode":"11566","slug":"dr-michael-c-poliseno"},{"name":"AF Medical of Flatbush","type":"doctor","phone":"(917) 652-4020","city":"Brooklyn","state":"New York","zipcode":"11210","slug":"af-medical-of-flatbush"},{"name":"MMJ DOCTORS","type":"doctor","phone":"(888) 578-6704","city":"Queens","state":"New York","zipcode":"11428","slug":"mmj-doctors-5"},{"name":"Marijuana Care","type":"doctor","phone":"(646) 368-8930","city":"New York","state":"New York","zipcode":"10010","slug":"beauty-fix-medspa"},{"name":"Dr. Warren Spinner","type":"doctor","phone":"(631) 364-9119","city":"Port Jefferson Station","state":"New York","zipcode":"11776","slug":"dr-warren-spinner"},{"name":"Vireo Delivery","type":"delivery","phone":"844-484-7366  ","city":"Valley Stream","state":"New York","zipcode":"11580","slug":"vireo-delivery-valley-stream"},{"name":"East Side Oncology Associates","type":"doctor","phone":"(212) 879-3496","city":"New York","state":"New York","zipcode":"10128","slug":"dr-rachel-v-kramer"},{"name":"W House Call Medicine","type":"doctor","phone":"(929) 327-4891","city":"Brooklyn","state":"New York","zipcode":"11225","slug":"w-house-call-medicine"},{"name":"CheapMedCards.com","type":"doctor","phone":"800-919-6583","city":"Bronx","state":"New York","zipcode":"10803","slug":"cheapmedcards-com-9"},{"name":"Natural Pain Solutions","type":"doctor","phone":"(631) 486-7698","city":"East Northport","state":"New York","zipcode":"11731","slug":"east-northport-medical-care"},{"name":"Rochester 420 Marijuana Doctor","type":"doctor","phone":"(800) 510-6490","city":"Rochester","state":"New York","zipcode":"14604","slug":"rochester-420-marijuana-doctor"},{"name":"Vireo Westchester County Delivery","type":"delivery","phone":"844-484-7366  ","city":"Westchester County","state":"New York","zipcode":"10514","slug":"vireo-westchester-county-delivery"},{"name":"Vireo Westchester County Delivery","type":"delivery","phone":"844-484-7366  ","city":"Westchester County","state":"New York","zipcode":"10583","slug":"vireo-westchester-county-delivery-3"},{"name":"Dr. Shapiro","type":"doctor","phone":"(212) 935-5333","city":"New York","state":"New York","zipcode":"10022","slug":"dr-shapiro"},{"name":"Vireo Long Island Delivery","type":"delivery","phone":"844-484-7366  ","city":"Long Island","state":"New York","zipcode":"11743","slug":"vireo-long-island-delivery-2"},{"name":"Vireo Delivery","type":"delivery","phone":"844-484-7366  ","city":"Staten Island","state":"New York","zipcode":"10301","slug":"vireo-delivery-21"},{"name":"Vireo Health Delivery - Brooklyn","type":"delivery","phone":"(844) 484-7366","city":"Brooklyn","state":"New York","zipcode":"11216","slug":"vireo-health-delivery-brooklyn"},{"name":"PrestoDoctor.com (100% Online)","type":"doctor","phone":"(650) 542-0420","city":"Buffalo","state":"New York","zipcode":"14219","slug":"prestodoctor-8"},{"name":"PrestoDoctor.com (100% Online)","type":"doctor","phone":"(650) 542-0420","city":"Rochester","state":"New York","zipcode":"14614","slug":"prestodoctor-24b776e6-3973-4353-ae6f-ed43b293e6ca"},{"name":"Vireo Nassau Delivery","type":"delivery","phone":"844-484-7366  ","city":"Nassau","state":"New York","zipcode":"11771","slug":"vireo-nassau-delivery-2"},{"name":"Vireo Delivery","type":"delivery","phone":"844-484-7366  ","city":"Sleepy Hollow","state":"New York","zipcode":"10591","slug":"vireo-delivery-sleepy-hallow"},{"name":"Vireo Delivery","type":"delivery","phone":"844-484-7366  ","city":"The Bronx","state":"New York","zipcode":"10471","slug":"vireo-delivery-bronx-1"},{"name":"ITAV Pain Management","type":"doctor","phone":"(516) 828-8185","city":"Plainview","state":"New York","zipcode":"11803","slug":"itav-pain-management"},{"name":"Dr. Elvira Fardella-Roveto","type":"doctor","phone":"(917) 383-5589","city":"Flushing","state":"New York","zipcode":"11358","slug":"dr-elvira-fardella-roveto"},{"name":"Etain - Yonkers","type":"dispensary","phone":"(914) 437-7898","city":"Yonkers","state":"New York","zipcode":"10701","slug":"etain-yonkers"},{"name":"Albany 420 Marijuana Doctor","type":"doctor","phone":"(800) 510-6490","city":"Albany","state":"New York","zipcode":"12208","slug":"albany-420-marijuana-doctor"},{"name":"Heally-Online","type":"doctor","phone":"(650) 300-4334","city":"Plattsburgh","state":"New York","zipcode":"12901","slug":"heally-online-7"},{"name":"Curaleaf Delivery","type":"delivery","phone":"1-833-470-5323","city":"Malone","state":"New York","zipcode":"12953","slug":"curaleaf-malone"},{"name":"iCannaMed.com","type":"doctor","phone":"(860) 410-6122","city":"Bronx","state":"New York","zipcode":"99999","slug":"icannamed-com-4"},{"name":"RiseUpMD.com - Albany (100% Online)","type":"doctor","phone":"(866) 847-7205","city":"Albany","state":"New York","zipcode":"12207","slug":"riseupmd-com-5123840a-f912-4396-977b-052355b4ee73"},{"name":"Canna Care Docs - New York","type":"doctor","phone":"866-846-2420","city":"Albany","state":"New York","zipcode":"12210","slug":"canna-care-docs-new-york"},{"name":"420Recs.com - Syracuse (100% Online)","type":"doctor","phone":"650-300-4334","city":"Syracuse","state":"New York","zipcode":"13210","slug":"420recs-423"},{"name":"In Touch Adult Health NPS, PC","type":"doctor","phone":"(716) 458-1100","city":"Amherst","state":"New York","zipcode":"14228","slug":"in-touch-adult-health"},{"name":"Fp Wellness - Rochester","type":"dispensary","phone":"(585) 242-0203","city":"Rochester","state":"New York","zipcode":"14607","slug":"fp-wellness-rochester"},{"name":"Sunnyside Medical Cannabis Dispensary – Hudson Valley","type":"dispensary","phone":"(845) 202-1933","city":"Bardonia","state":"New York","zipcode":"10954","slug":"sunnyside-dispensary-hudson-valley"},{"name":"Curaleaf Delivery","type":"delivery","phone":"1-833-470-5323","city":"Wappingers Falls","state":"New York","zipcode":"12590","slug":"curaleaf-wappingers-falls"},{"name":"Dr. Weedy Clinic Online - Buffalo","type":"doctor","phone":"+1 888 409 29 51","city":"Buffalo","state":"New York","zipcode":"14215","slug":"dr-weedy-dbef99b9-9a1b-47b6-99b8-ef492dfa43ed"},{"name":"Curaleaf NY - Queens","type":"dispensary","phone":"(646) 968-2872","city":"Queens","state":"New York","zipcode":"11375","slug":"curaleaf-flushing"},{"name":"DENT Cannabis Clinic","type":"doctor","phone":"(716) 250-2000","city":"Amherst","state":"New York","zipcode":"14226","slug":"dent-cannabis-clinic"},{"name":"Dr. Veronica V. Mason","type":"doctor","phone":"(716) 216-4424","city":"Niagara Falls","state":"New York","zipcode":"14304","slug":"dr-veronica-v-mason"},{"name":"Advanced Pain & Wellness Institute","type":"doctor","phone":"(716) 505-1500","city":"Williamsville","state":"New York","zipcode":"14221","slug":"dr-romanth-waghmarae"},{"name":"Dr. Scott L. Treatman","type":"doctor","phone":"(315) 247-4065","city":"Cazenovia","state":"New York","zipcode":"13035","slug":"dr-scott-l-treatman"},{"name":"Lakeside Medical Care","type":"doctor","phone":"(716) 473-0345","city":"Angola","state":"New York","zipcode":"14006","slug":"dr-sasse"},{"name":"Curaleaf Delivery","type":"delivery","phone":"1-833-470-5323","city":"Indian Lake","state":"New York","zipcode":"12842","slug":"curaleaf-indian-lake"},{"name":"My Doctor 420","type":"doctor","phone":"847-840-1784","city":"Johnson City","state":"New York","zipcode":"13790","slug":"my-doctor-420-5"},{"name":"Neurology Services Queens","type":"doctor","phone":"(718) 904-0908","city":"Rego Park","state":"New York","zipcode":"11374","slug":"neurology-services-queens"},{"name":"Miracle Leaf New York","type":"doctor","phone":"8332603624","city":"Staten Island","state":"New York","zipcode":"10309","slug":"miracle-leaf-new-york"},{"name":"Curaleaf Delivery","type":"delivery","phone":"1-833-470-5323","city":"Poughkeepsie","state":"New York","zipcode":"12601","slug":"curaleaf-poughkeepsie"},{"name":"Semaj Health and Wellness","type":"doctor","phone":"(401) 808-6421","city":"Nassau","state":"New York","zipcode":"11590","slug":"semaj-health-and-wellness-7"},{"name":"Vireo Delivery","type":"delivery","phone":"844-484-7366  ","city":"Bridgehampton","state":"New York","zipcode":"11932","slug":"vireo-delivery-bridgehampton"},{"name":"Serenity Medical Online","type":"doctor","phone":"(631) 213-1091","city":"Brooklyn","state":"New York","zipcode":"11207","slug":"serenity-medical-online-4"},{"name":"NY Medical Marijuana Associates","type":"doctor","phone":"(516) 537-8520","city":"Albany","state":"New York","zipcode":"12240","slug":"ny-medical-marijuana-associates-5"},{"name":"Syracuse 420 Marijuana Doctor","type":"doctor","phone":"(800) 510-6490","city":"Syracuse","state":"New York","zipcode":"13214","slug":"syracuse-420-marijuana-doctor"},{"name":"PrestoDoctor.com (100% Online)","type":"doctor","phone":"(650) 542-0420","city":"Brooklyn","state":"New York","zipcode":"11222","slug":"prestodoctor-4"},{"name":"Natural Pain Solutions","type":"doctor","phone":"(631) 486-7698","city":"Woodbury","state":"New York","zipcode":"11797","slug":"natural-pain-solutions-4"},{"name":"Parkway Pain Care and Rehabilitation","type":"doctor","phone":"(718) 941-6000","city":"Brooklyn","state":"New York","zipcode":"11218","slug":"parkway-pain-care-and-rehabilitation-2"},{"name":"RiseUpMD.com - Albany (100% Online)","type":"doctor","phone":"(866) 847-7205","city":"East Greenbush","state":"New York","zipcode":"12061","slug":"riseupmd-com-7aa0369c-459a-4cdc-8519-508e51346801"},{"name":"Mobile Cannabis Connect","type":"doctor","phone":"(914) 329-9651","city":"White Plains","state":"New York","zipcode":"10607","slug":"mobile-cannabis-connect-4"},{"name":"Citiva - Brooklyn","type":"dispensary","phone":"(212) 257-3145","city":"Brooklyn","state":"New York","zipcode":"11217","slug":"citiva"},{"name":"Holistic On Call","type":"doctor","phone":"(315) 308-2727","city":"Albany","state":"New York","zipcode":"12203","slug":"holistic-on-call-7"},{"name":"Dr. Weedy Clinic Online - Brooklyn","type":"doctor","phone":"+1 888 409 29 51","city":"Brooklyn","state":"New York","zipcode":"11207","slug":"dr-weedy-63b81440-4cc0-4fab-b93f-170324c8fa10"},{"name":"Orchard Park Family Practice","type":"doctor","phone":"(716) 662-5357","city":"Orchard Park","state":"New York","zipcode":"14127","slug":"orchard-park-family-practice"},{"name":"MyDoc Urgent Care","type":"doctor","phone":"(718) 401-1510","city":"Forest Hills","state":"New York","zipcode":"11375","slug":"mydoc-urgent-care"},{"name":"My 180 MD Online Certification","type":"doctor","phone":"(516) 295-7400","city":"Cedar Hurst","state":"New York","zipcode":"11516","slug":"my-180-md-online-certification"},{"name":"Long Island Compassionate Medical Center","type":"doctor","phone":"(631) 588-4888","city":"Holbrook","state":"New York","zipcode":"11741","slug":"long-island-compassionate-medical-center"},{"name":"Serenity Medical Online","type":"doctor","phone":"(631) 213-1091","city":"Albany","state":"New York","zipcode":"12208","slug":"serenity-medical-online-5"},{"name":"Curaleaf Delivery","type":"delivery","phone":"1-833-470-5323","city":"Middletown","state":"New York","zipcode":"10940","slug":"curaleaf-middletown"},{"name":"Semaj Health and Wellness","type":"doctor","phone":"(401) 808-6421","city":"Buffalo","state":"New York","zipcode":"14206","slug":"semaj-health-and-wellness-5"},{"name":"Vireo Delivery","type":"delivery","phone":"844-484-7366  ","city":"Riverhead","state":"New York","zipcode":"11901","slug":"vireo-delivery-riverhead"},{"name":"Hudson Spine & Pain Medicine","type":"doctor","phone":"(646) 596-7386","city":"New York","state":"New York","zipcode":"10007","slug":"hudson-spine-pain-medicine"},{"name":"Vireo Delivery","type":"delivery","phone":"844-484-7366  ","city":"Brooklyn","state":"New York","zipcode":"11226","slug":"vireo-delivery-brooklyn-1"},{"name":"Dr. Mark Galperin","type":"doctor","phone":"(718) 743-0900","city":"Brooklyn","state":"New York","zipcode":"11235","slug":"dr-mark-galperin"},{"name":"Semaj Health and Wellness","type":"doctor","phone":"(401) 808-6421","city":"Long Island","state":"New York","zipcode":"11767","slug":"semaj-health-and-wellness-3"},{"name":"Vireo Queens Delivery","type":"delivery","phone":"844-484-7366  ","city":"Queens","state":"New York","zipcode":"11417","slug":"vireo-queens-delivery-3"},{"name":"Vireo Staten Island Delivery","type":"delivery","phone":"844-484-7366  ","city":"Staten Island","state":"New York","zipcode":"10309","slug":"vireo-staten-island-delivery-2"},{"name":"QuickMedCards.com","type":"doctor","phone":"(207) 645-1646","city":"Manhattan","state":"New York","zipcode":"10019","slug":"quickmedcards-com"},{"name":"Vitality NYC","type":"doctor","phone":"(212) 662-7193","city":"New York","state":"New York","zipcode":"10025","slug":"vitality-nyc"},{"name":"Vireo Staten Island Delivery","type":"delivery","phone":"844-484-7366  ","city":"Staten Island","state":"New York","zipcode":"10314","slug":"vireo-staten-island-delivery-3"},{"name":"East End Urgent and Primary Care","type":"doctor","phone":"(631) 603-3400","city":"Riverhead","state":"New York","zipcode":"11901","slug":"east-end-urgent-and-primary-care"},{"name":"Curaleaf Delivery","type":"delivery","phone":"1-833-470-5323","city":"Tupper Lake","state":"New York","zipcode":"12986","slug":"curaleaf-tupper_lake"},{"name":"Dr. Subu Dubey","type":"doctor","phone":"(607) 760-3211","city":"Endicott","state":"New York","zipcode":"13760","slug":"dr-subu-dubey"},{"name":"iCannaMed.com","type":"doctor","phone":"(860) 410-6122","city":"Buffalo","state":"New York","zipcode":"99999","slug":"icannamed-com"},{"name":"Vireo Delivery Upper Manhattan","type":"delivery","phone":"844-484-7366  ","city":"New York","state":"New York","zipcode":"10039","slug":"vireo-delivery-upper-manhattan"},{"name":"The Botanist - Farmingdale","type":"dispensary","phone":"(516) 888-3344","city":"Farmingdale","state":"New York","zipcode":"11735","slug":"the-botanist-farmingdale"},{"name":"Dr. Alan M. Bulbin","type":"doctor","phone":"(516) 767-7771","city":"East Hills","state":"New York","zipcode":"11548","slug":"dr-alan-m-bulbin"},{"name":"Natural Pain Solutions","type":"doctor","phone":"(631) 486-7698","city":"Smithtown","state":"New York","zipcode":"11787","slug":"natural-pain-solutions-3"},{"name":"Vireo Brooklyn Delivery","type":"delivery","phone":"844-484-7366  ","city":"Brooklyn","state":"New York","zipcode":"11206","slug":"vireo-brooklyn-delivery-3"},{"name":"Columbia Care - Brooklyn","type":"dispensary","phone":"(212) 271-0925","city":"Brooklyn","state":"New York","zipcode":"11201","slug":"columbia-care-brooklyn"},{"name":"Dr. Albert Benchabbat Abraham","type":"doctor","phone":"(718) 218-8357","city":"Brooklyn","state":"New York","zipcode":"11206","slug":"dr-albert-benchabbat-abraham"},{"name":"Fp Wellness Manhattan (NYC) Medical Marijuana Dispensary","type":"dispensary","phone":"(212) 689-8676","city":"New York","state":"New York","zipcode":"10016","slug":"fp-wellness-manhattan"},{"name":"OnlineMedicalCard.com (100% Online)","type":"doctor","phone":"888 988 8420","city":"Brooklyn","state":"New York","zipcode":"11213","slug":"online-medical-cards-54"},{"name":"Compassionate Care Consultants","type":"doctor","phone":"4843206550","city":"Albany","state":"New York","zipcode":"12207","slug":"compassionate-care-consultants-18"},{"name":"Heally-Online","type":"doctor","phone":"(650) 300-4334","city":"Manhattan","state":"New York","zipcode":"10036","slug":"heally-online-4"},{"name":"Rachlin Medical Center","type":"doctor","phone":"(516) 250-2511","city":"Albertson","state":"New York","zipcode":"11507","slug":"dr-steven-rachlin"},{"name":"Elena Ocher Medico","type":"doctor","phone":"(718) 836-6100","city":"Brooklyn","state":"New York","zipcode":"11209","slug":"dr-boris-yaguda"},{"name":"Dr. Weedy Clinic Online - Queens","type":"doctor","phone":"+1 888 409 29 51","city":"Queens","state":"New York","zipcode":"11365","slug":"dr-weedy-d910424a-6af7-4a1f-87c9-4722b8322504"},{"name":"Vireo Health - Johnson City","type":"dispensary","phone":"(844) 484-7366","city":"Johnson City","state":"New York","zipcode":"13790","slug":"vireo-health-johnson-city"},{"name":"RiseUpMD.com - Buffalo (100% Online)","type":"doctor","phone":"(866) 847-7205","city":"Cheektowaga","state":"New York","zipcode":"14225","slug":"riseupmd-com-930047f2-851f-4ee3-a4c7-9137cad56801"},{"name":"Compassionate Care Consultants","type":"doctor","phone":"484-320-6550","city":"Rochester","state":"New York","zipcode":"15222","slug":"compassionate-care-consultants-17"},{"name":"Dr. Subhash Jain","type":"doctor","phone":"(212) 439-6100","city":"New York","state":"New York","zipcode":"10021","slug":"dr-subhash-jain"},{"name":"MMJ DOCTORS","type":"doctor","phone":"(888) 578-6704","city":"Long Island","state":"New York","zipcode":"11101","slug":"mmj-doctors-2"},{"name":"The Botanist - Middletown","type":"dispensary","phone":"(845) 243-2940","city":"Middletown","state":"New York","zipcode":"10940","slug":"the-botanist-middletown"},{"name":"Holistic On Call","type":"doctor","phone":"(315) 308-2727","city":"Plattsburgh","state":"New York","zipcode":"12901","slug":"holistic-on-call-11"},{"name":"Vitality NYC","type":"doctor","phone":"(212) 662-7193","city":"Port Washington","state":"New York","zipcode":"11050","slug":"vitality-nyc-3"},{"name":"Michael Rabinowitz M.D.","type":"doctor","phone":"(718) 863-7774","city":"Bronx","state":"New York","zipcode":"10462","slug":"dr-michael-r-rabinowitz"},{"name":"Eastern Parkway Medical Center","type":"doctor","phone":"(718) 857-2975","city":"Brooklyn","state":"New York","zipcode":"11238","slug":"eastern-parkway-medical-center"},{"name":"Heally-Online","type":"doctor","phone":"(650) 300-4334","city":"White Plains","state":"New York","zipcode":"10601","slug":"heally-online-6"},{"name":"Holistic On Call","type":"doctor","phone":"(315) 308-2727","city":"Yonkers","state":"New York","zipcode":"10705","slug":"holistic-on-call-9"},{"name":"Dr. Yakov Perper","type":"doctor","phone":"(718) 687-2010","city":"Astoria","state":"New York","zipcode":"11102","slug":"dr-yakov-perper"},{"name":"White Medical PC","type":"doctor","phone":"(718) 635-1210","city":"Kew Gardens","state":"New York","zipcode":"11415","slug":"dr-robert-e-white"},{"name":"PrestoDoctor.com (100% Online)","type":"doctor","phone":"(650) 542-0420","city":"Plattsburgh","state":"New York","zipcode":"12901","slug":"prestodoctor-10"},{"name":"Fiorello Pharmaceuticals - Nassau (Coming Soon)","type":"dispensary","phone":"(718) 543-8011 ","city":"New Hyde Park","state":"New York","zipcode":"11042","slug":"fiorello-pharmaceuticals-nassau"},{"name":"Dr. Marshall Kramer","type":"doctor","phone":"(914) 625-7708","city":"Bronx","state":"New York","zipcode":"10462","slug":"dr-marshall-kramer"},{"name":"Vireo Lower Manhattan Delivery","type":"delivery","phone":"844-484-7366  ","city":"New York","state":"New York","zipcode":"10013","slug":"vireo-lower-manhattan-delivery"},{"name":"Holistic On Call","type":"doctor","phone":"(315) 308-2727","city":"Long Island","state":"New York","zipcode":"11779","slug":"holistic-on-call-6"},{"name":"Brooklyn 420 Marijuana Doctor","type":"doctor","phone":"(800) 510-6490","city":"Brooklyn","state":"New York","zipcode":"11210","slug":"brooklyn-420-marijuana-doctor-dccb6843-23ae-4f5f-a051-0db42b6dee1b"},{"name":"iCannaMed.com","type":"doctor","phone":"(860) 410-6122","city":"Queens","state":"New York","zipcode":"99999","slug":"icannamed-com-2"},{"name":"Oasis Integrative Medicine","type":"doctor","phone":"(631) 821-4200","city":"Rocky Point","state":"New York","zipcode":"11778","slug":"oasis-integrative-medicine"},{"name":"CheapMedCards.com","type":"doctor","phone":"800-919-6583","city":"Long Island","state":"New York","zipcode":"11763","slug":"cheapmedcards-com-7"},{"name":"Rockland Urgent Care","type":"doctor","phone":"(845) 429-4000","city":"West Haverstraw","state":"New York","zipcode":"10993","slug":"dr-graig-scott-straus"},{"name":"Dr. Susan Scharf M.D.","type":"doctor","phone":"(646) 263-1931","city":"New York","state":"New York","zipcode":"10001","slug":"dr-susan-scharf"},{"name":"Sunnyside Medical Cannabis Dispensary - Williamsburg","type":"dispensary","phone":"917-793-1107","city":"Brooklyn","state":"New York","zipcode":"11211","slug":"sunnyside-dispensary-williamsburg"},{"name":"Holistic On Call","type":"doctor","phone":"(315) 308-2727","city":"Manhattan","state":"New York","zipcode":"10013","slug":"holistic-on-call-5"},{"name":"OnlineMedicalCard.com (100% Online)","type":"doctor","phone":"888 988 8420","city":"Buffalo","state":"New York","zipcode":"14202","slug":"online-medical-cards-55"},{"name":"Etain - Syracuse","type":"dispensary","phone":"(914) 437-7898","city":"Syracuse","state":"New York","zipcode":"13224","slug":"etain-syracuse"},{"name":"Dr. Pamela Barton","type":"doctor","phone":"(212) 252-2305","city":"New York","state":"New York","zipcode":"10023","slug":"dr-pamela-barton"},{"name":"RiseUpMD.com - Poughkeepsie (100% Online)","type":"doctor","phone":"(866) 847-7205","city":"Newburgh","state":"New York","zipcode":"12550","slug":"riseupmd-com-a63c0330-6318-4d5b-98db-2e258d7a4449"},{"name":"New Medical Treatment Initiative, PLLC","type":"doctor","phone":"(212) 297-6105","city":"New York","state":"New York","zipcode":"10170","slug":"new-medical-treatment-initiative-pllc"},{"name":"Dr. Yuri Brosgol","type":"doctor","phone":"(718) 648-4567","city":"New York","state":"New York","zipcode":"10023","slug":"dr-yuri-brosgol"},{"name":"Dr. Jeffrey S. Crespin","type":"doctor","phone":"(646) 660-4006","city":"New York","state":"New York","zipcode":"10065","slug":"dr-jeffrey-s-crespin-2"},{"name":"Dr. Marshall Kramer","type":"doctor","phone":"(914) 625-7708","city":"Rye","state":"New York","zipcode":"10580","slug":"dr-marshall-kramer-4"},{"name":"Cannabis Doctors of New York","type":"doctor","phone":"(917) 261-6025","city":"New York","state":"New York","zipcode":"10016","slug":"cannabis-doctors-of-new-york"},{"name":"Vireo Delivery","type":"delivery","phone":"844-484-7366  ","city":"The Bronx","state":"New York","zipcode":"10462","slug":"vireo-delivery-the-bronx-1"},{"name":"Irving Place Surgery and Wellness Center","type":"doctor","phone":"(646) 604-8969","city":"New York","state":"New York","zipcode":"10003","slug":"irving-place-surgery-and-wellness-center"},{"name":"Dr. Jean-Yves Dastain","type":"doctor","phone":"(212) 491-0100","city":"New York","state":"New York","zipcode":"10031","slug":"dr-jean-yves-dastain"},{"name":"Mobile Cannabis Connect","type":"doctor","phone":"(914) 329-9651","city":"Queens","state":"New York","zipcode":"11355","slug":"mobile-cannabis-connect-2"},{"name":"Upstate Pain Clinic","type":"doctor","phone":"(585) 267-7700","city":"Pittsford","state":"New York","zipcode":"14534","slug":"upstate-pain-clinic"},{"name":"Center For Addiction and Pain Management","type":"doctor","phone":"(315) 632-4246","city":"Fayetteville","state":"New York","zipcode":"13066","slug":"dr-james-w-follette"},{"name":"Dr. Todd A. Halper","type":"doctor","phone":"(516) 536-2221","city":"Rockville Centre","state":"New York","zipcode":"11570","slug":"dr-todd-a-halper"},{"name":"Sands Point Medical Rehab","type":"doctor","phone":"(718) 939-9020","city":"College Point","state":"New York","zipcode":"11356","slug":"sands-point-medical-rehab"},{"name":"NY Medical Marijuana Associates","type":"doctor","phone":"(516) 537-8520","city":"New York","state":"New York","zipcode":"10027","slug":"ny-medical-marijuana-associates"},{"name":"Dr. Melinda L. Mingus MD, PLLC","type":"doctor","phone":"(646) 522-1451","city":"New York","state":"New York","zipcode":"10024","slug":"dr-melinda-l-mingus"},{"name":"Medical Marijuana Card Doctors Hollywood Easy Clinic","type":"doctor","phone":"(646) 415-8762","city":"New York","state":"New York","zipcode":"10003","slug":"medical-marijuana-card-doctors-hollywood-easy-clinic-4"},{"name":"HamptonsMediSpa","type":"doctor","phone":"(516) 662-2246","city":"Hampton Bays","state":"New York","zipcode":"11946","slug":"hampton-house-calls-and-medi-spa"},{"name":"First Choice Medical","type":"doctor","phone":"(631) 325-2255","city":"Eastport","state":"New York","zipcode":"11941","slug":"first-choice-medical"},{"name":"Ronkonkoma Sports Medicine","type":"doctor","phone":"(631) 736-4321","city":"Farmingville","state":"New York","zipcode":"11738","slug":"ronkonkoma-sports-medicine"},{"name":"Dr. Leonard Kessler, M.D.","type":"doctor","phone":"(516) 474-2399","city":"Rockville Centre","state":"New York","zipcode":"11570","slug":"dr-leonard-kessler-m-d"},{"name":"Columbia Care - New York City","type":"dispensary","phone":"(646) 453-7178","city":"New York","state":"New York","zipcode":"10003","slug":"columbia-care-dispensary"},{"name":"OnlineMedicalCard.com (100% Online)","type":"doctor","phone":"888 988 8420","city":"Manhattan","state":"New York","zipcode":"10011","slug":"online-medical-cards-57"},{"name":"Sunnyside Medical Cannabis Dispensary – Mohawk Valley","type":"dispensary","phone":"(518) 219-8051","city":"New Hartford","state":"New York","zipcode":"13413","slug":"sunnyside-dispensary-mohawk-valley"},{"name":"Hemp Central","type":"doctor","phone":"3473542420","city":"Buffalo","state":"New York","zipcode":"14206","slug":"hemp-central-4"},{"name":"Brooklyn Integrative Medicine","type":"doctor","phone":"(718) 676-4607","city":"Brooklyn","state":"New York","zipcode":"11235","slug":"brooklyn-integrative-medicine"},{"name":"Vireo Long Island Delivery","type":"delivery","phone":"844-484-7366  ","city":"Nassau","state":"New York","zipcode":"11725","slug":"vireo-long-island-delivery-3"},{"name":"Dr. Thomas O'brien","type":"doctor","phone":"(212) 201-9122","city":"New York","state":"New York","zipcode":"10065","slug":"dr-thomas-o-brien"},{"name":"PrestoDoctor.com (100% Online)","type":"doctor","phone":"(650) 542-0420","city":"Bronx","state":"New York","zipcode":"10465","slug":"prestodoctor-3"},{"name":"RiseUpMD.com - East Hampton (100% Online)","type":"doctor","phone":"(866) 847-7205","city":"East Hampton","state":"New York","zipcode":"11937","slug":"riseupmd-com-a8113d76-b6e2-485c-8df2-6968870deeb9"},{"name":"Dr. Robert R. Linden","type":"doctor","phone":"(718) 428-7400","city":"Little Neck","state":"New York","zipcode":"11362","slug":"dr-robert-r-linden"},{"name":"NY Medical Marijuana Associates","type":"doctor","phone":"(516) 537-8520","city":"Staten Island","state":"New York","zipcode":"10306","slug":"ny-medical-marijuana-associates-4"},{"name":"Dr. Ribeiro","type":"doctor","phone":"(347) 229-3331","city":"Astoria","state":"New York","zipcode":"11103","slug":"dr-ribeiro"},{"name":"Dr. Richard B. Rubenstein","type":"doctor","phone":"(631) 588-5800","city":"Lake Grove","state":"New York","zipcode":"11755","slug":"dr-richard-b-rubenstein"},{"name":"Vireo Delivery","type":"delivery","phone":"844-484-7366  ","city":"Woodhaven","state":"New York","zipcode":"11421","slug":"vireo-delivery-woodhaven"},{"name":"Holistic On Call","type":"doctor","phone":"(315) 308-2727","city":"Schenectady","state":"New York","zipcode":"12305","slug":"holistic-on-call-8"},{"name":"Casco Bay Medical","type":"doctor","phone":"(516) 508-3316","city":"Westbury","state":"New York","zipcode":"11590","slug":"casco-bay-medical-3-2"},{"name":"RiseUpMD.com - Queens (100% Online)","type":"doctor","phone":"(866) 847-7205","city":"Rego Park","state":"New York","zipcode":"11375","slug":"riseupmd-com-a1e106df-5f57-4637-b05e-e23b0ed42f3e"},{"name":"Pelham Medical Associates","type":"doctor","phone":"(718) 904-0908","city":"Brooklyn","state":"New York","zipcode":"11235","slug":"pelham-medical-associates"},{"name":"CheapMedCards.com","type":"doctor","phone":"800-919-6583","city":"Buffalo","state":"New York","zipcode":"14201","slug":"cheapmedcards-com-8"},{"name":"Vireo Nassau Delivery","type":"delivery","phone":"844-484-7366  ","city":"Garden City","state":"New York","zipcode":"11530","slug":"vireo-nassau-delivery"},{"name":"Total Neurocare, P.C.","type":"doctor","phone":"(718) 332-7878","city":"Brooklyn","state":"New York","zipcode":"11235","slug":"total-neurocare-p-c"},{"name":"Vireo Queens Delivery","type":"delivery","phone":"844-484-7366  ","city":"Queens","state":"New York","zipcode":"11432","slug":"vireo-queens-delivery-2"},{"name":"Upstate Medicinal Alternatives","type":"doctor","phone":"(315) 325-4858","city":"Geneva","state":"New York","zipcode":"14456","slug":"upstate-medicinal-alternatives-2"},{"name":"WNY Neurology and Child Neurology PC","type":"doctor","phone":"(716) 404-2604","city":"East Amherst","state":"New York","zipcode":"14051","slug":"dr-alexander-v-rovner"},{"name":"Serenity Medical Online","type":"doctor","phone":"(631) 213-1091","city":"Plattsburgh","state":"New York","zipcode":"12901","slug":"serenity-medical-online-2"},{"name":"RiseUpMD.com - Buffalo (100% Online)","type":"doctor","phone":"(866) 847-7205","city":"Buffalo","state":"New York","zipcode":"14213","slug":"riseupmd-com-51d8a31b-e1c6-4864-9171-9548fdaa5fb2"},{"name":"Marijuana Medical","type":"doctor","phone":"(844) 664-6669","city":"East Hills","state":"New York","zipcode":"11548","slug":"marijuana-medical"},{"name":"Advanced Internal Medicine Group","type":"doctor","phone":"(516) 352-8100","city":"East Hills","state":"New York","zipcode":"11548","slug":"dr-craig-grobman"},{"name":"Dr. Matthew B. Smith","type":"doctor","phone":"(212) 213-8104","city":"New York","state":"New York","zipcode":"10016","slug":"dr-matthew-b-smith"},{"name":"Dr. Michael Salamatbad","type":"doctor","phone":"(516) 797-1800","city":"Massapequa","state":"New York","zipcode":"11758","slug":"dr-michael-salamatbad"},{"name":"iCannaMed.com","type":"doctor","phone":"(860) 410-6122","city":"Brooklyn","state":"New York","zipcode":"99999","slug":"icannamed-com-3"},{"name":"New Generation Medical","type":"doctor","phone":"(877) 707-9650","city":"Brooklyn","state":"New York","zipcode":"11235","slug":"new-generation-medical"},{"name":"Carnegie Hill Institute","type":"doctor","phone":"(212) 289-7166","city":"New York","state":"New York","zipcode":"10128","slug":"carnegie-hill-institute"},{"name":"Dr. Ramon J. Pesigan","type":"doctor","phone":"(212) 489-1939","city":"New York","state":"New York","zipcode":"10019","slug":"dr-ramon-j-pesigan"},{"name":"Vireo Delivery","type":"delivery","phone":"844-484-7366  ","city":"White Plains","state":"New York","zipcode":"10603","slug":"vireo-delivery-white-plains"},{"name":"Sam Weissman, MD","type":"doctor","phone":"(718) 854-5100","city":"Brooklyn","state":"New York","zipcode":"11235","slug":"sam-weissman-md"},{"name":"My Doctor 420","type":"doctor","phone":"847-840-1784","city":"Poughkeepsie","state":"New York","zipcode":"12603","slug":"my-doctor-420-4"},{"name":"Natural Pain Solutions","type":"doctor","phone":"(631) 486-7698","city":"Selden","state":"New York","zipcode":"11784","slug":"natural-pain-solutions-2"},{"name":"Vireo Delivery","type":"delivery","phone":"844-484-7366  ","city":"The Bronx","state":"New York","zipcode":"10451","slug":"vireo-delivery-the-bronx"},{"name":"Heally-Online","type":"doctor","phone":"(650) 300-4334","city":"Bronx","state":"New York","zipcode":"10458","slug":"heally-online-3"},{"name":"Artisans of Medicine NYC","type":"doctor","phone":"(718) 491-2003","city":"Brooklyn","state":"New York","zipcode":"11220","slug":"dr-ramsey-joudeh"},{"name":"Marijuana Doctor - NY- Telehealth","type":"doctor","phone":"(863) 220-9377","city":"Albany","state":"New York","zipcode":"12084","slug":"marijuana-doctor-ny-telehealth"},{"name":"Vireo Delivery","type":"delivery","phone":"844-484-7366  ","city":"Mt Kisco","state":"New York","zipcode":"10549","slug":"vireo-delivery-mt-kisco"},{"name":"Hemp Central","type":"doctor","phone":"3473542420","city":"Rochester","state":"New York","zipcode":"14607","slug":"hemp-central-3"},{"name":"RES Physical Medicine and Rehab","type":"doctor","phone":"(716) 681-4088","city":"Cheektowaga","state":"New York","zipcode":"14225","slug":"res-physical-medicine-and-rehab"},{"name":"Vireo Delivery","type":"delivery","phone":"844-484-7366  ","city":"The Bronx","state":"New York","zipcode":"10461","slug":"vireo-delivery-bronx"},{"name":"Best Choice Medical","type":"doctor","phone":"(631) 218-8800","city":"Bayport","state":"New York","zipcode":"11705","slug":"best-choice-medical"},{"name":"Integrated Medical Care","type":"doctor","phone":"(845) 358-4000","city":"New City","state":"New York","zipcode":"10956","slug":"dr-juhl"},{"name":"Dr. Kevin Jovanovic","type":"doctor","phone":"(212) 249-6709","city":"New York","state":"New York","zipcode":"10021","slug":"dr-kevin-jovanovic"},{"name":"Heally-Online","type":"doctor","phone":"(650) 300-4334","city":"Syracuse","state":"New York","zipcode":"13202","slug":"heally-online-5"},{"name":"Curaleaf Delivery","type":"delivery","phone":"1-833-470-5323","city":"Germantown","state":"New York","zipcode":"12526","slug":"curaleaf-germantown"},{"name":"Semaj Health and Wellness","type":"doctor","phone":"(401) 808-6421","city":"Bronx","state":"New York","zipcode":"10474","slug":"semaj-health-and-wellness-bronx"},{"name":"Vireo Delivery","type":"delivery","phone":"844-484-7366  ","city":"Riverhead","state":"New York","zipcode":"11901","slug":"vireo-delivery"},{"name":"Dr. Mitchell S Rubinstein","type":"doctor","phone":"(718) 275-0103","city":"Forest Hills","state":"New York","zipcode":"11375","slug":"dr-mitchell-s-rubinstein"},{"name":"Pain Physicians NY","type":"doctor","phone":"(718) 998-9890","city":"Brooklyn","state":"New York","zipcode":"11223","slug":"pain-physicians-ny"},{"name":"Verilife - Amherst","type":"dispensary","phone":"(888) 493-6066","city":"Amherst","state":"New York","zipcode":"14228","slug":"pharmancannis-amherst"},{"name":"Upstate Medicinal Alternatives","type":"doctor","phone":"(877) 452-1741","city":"Plattsburgh","state":"New York","zipcode":"12901","slug":"upstate-medicinal-alternatives"},{"name":"RiseUpMD.com - Bronx (100% Online)","type":"doctor","phone":"(866) 847-7205","city":"Yonkers","state":"New York","zipcode":"10701","slug":"riseupmd-com-d227f814-ca76-45b2-b747-f76efcd25236"},{"name":"Natural Pain Solutions","type":"doctor","phone":"(631) 486-7698","city":"Queens","state":"New York","zipcode":"11379","slug":"natural-pain-solutions"},{"name":"Michael Adler D.O. P.C.","type":"doctor","phone":"(917) 450-6459","city":"Flushing","state":"New York","zipcode":"11367","slug":"michael-adler-d-o-p-c"},{"name":"The Botanist - Queens","type":"dispensary","phone":"(917) 810-4540","city":"Jamaica","state":"New York","zipcode":"11435","slug":"the-botanist-queens"},{"name":"Queens Professional Medical Care","type":"doctor","phone":"(718) 672-3131","city":"Maspeth","state":"New York","zipcode":"11378","slug":"queens-professional-medical-care"},{"name":"QuickMedCards.com","type":"doctor","phone":"(207) 645-1646","city":"New York","state":"New York","zipcode":"11233","slug":"quickmedcards-com-2"},{"name":"NY Medical Marijuana Associates","type":"doctor","phone":"(516) 537-8520","city":"Brooklyn","state":"New York","zipcode":"11205","slug":"ny-medical-marijuana-associates-2"},{"name":"OnlineMedicalCard.com (100% Online)","type":"doctor","phone":"888 988 8420","city":"Staten Island","state":"New York","zipcode":"10314","slug":"online-medical-cards-60"},{"name":"Medical Marijuana Recs NY","type":"doctor","phone":"(516) 570-7565","city":"Great Neck","state":"New York","zipcode":"11020","slug":"mmr-ny"},{"name":"Dr. Michael L. Salitan","type":"doctor","phone":"(212) 219-7600","city":"New York","state":"New York","zipcode":"10012","slug":"dr-michael-l-salitan"},{"name":"Fp Wellness - Halfmoon","type":"dispensary","phone":"(518) 373-4147","city":"Halfmoon","state":"New York","zipcode":"12065","slug":"fp-wellness-halfmoon"},{"name":"Amherst 420 Marijuana Doctor","type":"doctor","phone":"(800) 510-6490","city":"Amherst","state":"New York","zipcode":"14226","slug":"amherst-420-marijuana-doctor"},{"name":"Vireo Brooklyn Delivery","type":"delivery","phone":"844-484-7366  ","city":"Brooklyn","state":"New York","zipcode":"11203","slug":"vireo-brooklyn-delivery-2"},{"name":"MyCare","type":"doctor","phone":"(315) 671-5790","city":"Syracuse","state":"New York","zipcode":"13212","slug":"mycare"},{"name":"CheapMedCards.com","type":"doctor","phone":"800-919-6583","city":"Brooklyn","state":"New York","zipcode":"11201","slug":"cheapmedcards-com-6"},{"name":"Curaleaf NY - Hudson Valley","type":"dispensary","phone":"(845) 762-0110","city":"Newburgh","state":"New York","zipcode":"12550","slug":"curaleaf-ny-newburgh"},{"name":"Medical Marijuana On-The-Go-NY","type":"doctor","phone":"(917) 214-9196","city":"Bedford–Stuyvesant","state":"New York","zipcode":"11205","slug":"medical-marijuana-on-the-go-ny"},{"name":"Curaleaf Delivery","type":"delivery","phone":"1-833-470-5323 ","city":"Potsdam","state":"New York","zipcode":"13676","slug":"curaleaf-potsdam"},{"name":"Rebecca Siegel MD","type":"doctor","phone":"(917) 656-2210","city":"New York","state":"New York","zipcode":"10028","slug":"rebecca-siegel-md"},{"name":"Wall Street MD","type":"doctor","phone":"(212) 233-3040","city":"New York","state":"New York","zipcode":"10006","slug":"wall-street-md"},{"name":"Physical Medicine and Rehabilitation of Long Island","type":"doctor","phone":"631-300-0797","city":"Brightwaters","state":"New York","zipcode":"11718","slug":"physical-medicine-and-rehabilitation-of-long-island"},{"name":"Holistic On Call","type":"doctor","phone":"(315) 308-2727","city":"Queens","state":"New York","zipcode":"11354","slug":"holistic-on-call-10"},{"name":"Sunnyside Medical Cannabis Dispensary - Huntington","type":"dispensary","phone":"631-238-3670","city":"Huntington Station","state":"New York","zipcode":"11746","slug":"sunnyside-dispensary-huntington"},{"name":"Hemp Central","type":"doctor","phone":"3473542420","city":"Queens","state":"New York","zipcode":"11361","slug":"hemp-central"},{"name":"Dr. Arielle O. Fenig","type":"doctor","phone":"(929) 210-6370","city":"Brooklyn","state":"New York","zipcode":"11201","slug":"dr-arielle-o-fenig"},{"name":"RiseUpMD.com - Queens (100% Online)","type":"doctor","phone":"(866) 847-7205","city":"Queens","state":"New York","zipcode":"11366","slug":"riseupmd-com-fe1e16fc-3d68-4c4f-a24b-b2b8ac7375f3"},{"name":"Memorial Sloan Kettering Cancer Center","type":"doctor","phone":"(646) 888-0200","city":"New York","state":"New York","zipcode":"10022","slug":"dr-andrew-edelstein"},{"name":"Vireo Health - White Plains Patient Center","type":"dispensary","phone":"(844) 484-7366","city":"White Plains","state":"New York","zipcode":"10601","slug":"vireo-health-white-plains-patient-center"},{"name":"Urgent and Primary Care","type":"doctor","phone":"(518) 479-5240","city":"East Greenbush","state":"New York","zipcode":"12061","slug":"urgent-and-primary-care"},{"name":"Dr. Craig Blinderman","type":"doctor","phone":"(212) 305-7340","city":"New York","state":"New York","zipcode":"10032","slug":"dr-craig-blinderman"},{"name":"Dr. Noel R. Fleischer","type":"doctor","phone":"(718) 592-7207","city":"Elmhurst","state":"New York","zipcode":"11373","slug":"dr-noel-r-fleischer"},{"name":"RiseUpMD.com - Long Island (100% Online)","type":"doctor","phone":"(866) 847-7205","city":"Holbrook","state":"New York","zipcode":"11741","slug":"riseupmd-com-280355b3-4743-4831-b3a3-8fd368686ad2"},{"name":"Dr. Weedy Clinic Online - New Rochelle","type":"doctor","phone":"+1 888 409 29 51","city":"New Rochelle","state":"New York","zipcode":"10805","slug":"dr-weedy-fe3a7eaf-31be-46c4-bad3-6609cd0a7ca8"}]}}