{"meta":{"total_listings":124},"data":{"listings":[{"name":"MJ Express-O - ABQ","type":"dispensary","phone":"5053127433","city":"Albuquerque","state":"New Mexico","zipcode":"87123","slug":"mj-expresso-abq"},{"name":"Southwest Organic Producers","type":"dispensary","phone":"5058848221","city":"Albuquerque","state":"New Mexico","zipcode":"87107","slug":"southwest-organic-producers-2"},{"name":"Sacred Garden","type":"dispensary","phone":"5753000154","city":"Las Cruces","state":"New Mexico","zipcode":"88005","slug":"sacred-garden-las-cruces"},{"name":"PurLife Dispensary - Montgomery","type":"dispensary","phone":"(505) 433-2672","city":"Albuquerque","state":"New Mexico","zipcode":"87110","slug":"purlife-dispensary-montgomery"},{"name":"Zia Health and Wellness","type":"doctor","phone":"(505) 299-7873","city":"Albuquerque","state":"New Mexico","zipcode":"87710","slug":"zia-health-and-wellness"},{"name":"Urban Wellness - Carmel","type":"dispensary","phone":"505-900-3792","city":"Albuquerque","state":"New Mexico","zipcode":"87122","slug":"urban-wellness-3"},{"name":"PurLife Dispensary - Menaul","type":"dispensary","phone":"(505) 433-2672","city":"Albuquerque","state":"New Mexico","zipcode":"87110","slug":"purlife-dispensary"},{"name":"Everest Apothecary - North East Heights","type":"dispensary","phone":"(505) 293-1249","city":"Albuquerque","state":"New Mexico","zipcode":"87111","slug":"everest-apothecary-north-east-heights"},{"name":"Seven Clover - Knob Hill","type":"dispensary","phone":"505-255-7000","city":"Albuquerque","state":"New Mexico","zipcode":"87108","slug":"seven-clover"},{"name":"Mindful Medicine","type":"doctor","phone":"505-459-7305","city":"Albuquerque","state":"New Mexico","zipcode":"87111","slug":"mindful-medicine-2"},{"name":"Sacred Garden - Albuquerque","type":"dispensary","phone":"(505) 348-5599","city":"Albuquerque","state":"New Mexico","zipcode":"87505","slug":"sacred-garden-albuquerque"},{"name":"Southwest Wellness - 98th","type":"dispensary","phone":"5054334174","city":"Albuquerque","state":"New Mexico","zipcode":"87121","slug":"southwest-wellness-98th"},{"name":"Budding Hope - Las Cruces","type":"dispensary","phone":"(575) 322-4202","city":"Las Cruces","state":"New Mexico","zipcode":"88004","slug":"budding-hope-las-cruces"},{"name":"Organtica - Truth or Consequences","type":"dispensary","phone":"575-297-4008","city":"Truth or Consequences","state":"New Mexico","zipcode":"87901","slug":"organtica-truth-or-consequences"},{"name":"Sandia Botanicals","type":"dispensary","phone":"(505) 717-2764","city":"Albuquerque","state":"New Mexico","zipcode":"87107","slug":"sandia-botanicals"},{"name":"Cannaceutics Inc","type":"dispensary","phone":"(505) 672-8734","city":"Albuquerque","state":"New Mexico","zipcode":"87107","slug":"cannaceutics-inc-albuquerque"},{"name":"OSO Cannabis Company - Ruidoso","type":"dispensary","phone":"(575) 258-1087","city":"Ruidoso","state":"New Mexico","zipcode":"88345","slug":"compassionate-distributors-inc-ruidoso"},{"name":"Greenview LLC","type":"doctor","phone":"505-990-3978","city":"Albuquerque","state":"New Mexico","zipcode":"87114","slug":"greenview-llc-2"},{"name":"Healthy Education Society","type":"dispensary","phone":"(505) 299-7873","city":"Albuquerque","state":"New Mexico","zipcode":"87110","slug":"healthy-education-society"},{"name":"Southwest Wellness Center - Old Santa Fe Trail (Now Open!)","type":"dispensary","phone":"505-230-3808","city":"Santa Fe","state":"New Mexico","zipcode":"87505","slug":"southwest-wellness"},{"name":"The Verdes Foundation","type":"dispensary","phone":"505-280-2814","city":"Albuquerque","state":"New Mexico","zipcode":"87109","slug":"the-verdes-foundation"},{"name":"Everest Apothecary - Central Ave","type":"dispensary","phone":"505-836-8620","city":"Albuquerque","state":"New Mexico","zipcode":"87105","slug":"everest-apothecary-1"},{"name":"Ultra Health - Albuquerque - North Valley","type":"dispensary","phone":"505-916-0707","city":"Albuquerque","state":"New Mexico","zipcode":"87107","slug":"ultra-health-albuquerque-north-valley"},{"name":"Best Daze","type":"dispensary","phone":"(505) 585-4937","city":"Santa Fe","state":"New Mexico","zipcode":"87507","slug":"best-daze"},{"name":"R Greenleaf - Midtown","type":"dispensary","phone":"(505) 510-1717","city":"Albuquerque","state":"New Mexico","zipcode":"87110","slug":"r-greenleaf-midtown"},{"name":"Homegrown Kush Cannabis Kards","type":"doctor","phone":"505-508-2417","city":"Albuquerque","state":"New Mexico","zipcode":"87108","slug":"homegrown-kush-cannabis-kards"},{"name":"Dr. Jeffrey Schnapp","type":"doctor","phone":"505-267-9776","city":"Albuquerque","state":"New Mexico","zipcode":"87114","slug":"dr-jeffrey-schnapp"},{"name":"Ultra Health - Bernalillo","type":"dispensary","phone":"505-867-2504","city":"Bernalillo","state":"New Mexico","zipcode":"87004","slug":"ultra-health-bernalillo"},{"name":"Everest Apothecary - Uptown","type":"dispensary","phone":"505-872-6150","city":"Albuquerque","state":"New Mexico","zipcode":"87110","slug":"everest-apothecary-uptown"},{"name":"The Verdes Foundation - Rio Rancho","type":"dispensary","phone":"(505) 280-2814","city":"Rio Rancho","state":"New Mexico","zipcode":"87124","slug":"the-verdes-foundation-westside-rio-rancho"},{"name":"Urban Wellness - San Mateo","type":"dispensary","phone":"505-369-0081","city":"Albuquerque","state":"New Mexico","zipcode":"87110","slug":"urban-wellness-2"},{"name":"Fruit of the Earth","type":"dispensary","phone":"(505) 310-7917","city":"Santa Fe","state":"New Mexico","zipcode":"87505","slug":"fruit-of-the-earth-2"},{"name":"White Mountain Wellness","type":"doctor","phone":"844-337-5283","city":"Albuquerque","state":"New Mexico","zipcode":"87181","slug":"white-mountain-wellness"},{"name":"Ultra Health - Westside","type":"dispensary","phone":"5054334945","city":"Albuquerque","state":"New Mexico","zipcode":"87120","slug":"ultra-health-westside"},{"name":"CG Corrigan","type":"dispensary","phone":"505-695-1162","city":"Santa Fe","state":"New Mexico","zipcode":"87505","slug":"cg-corrigan-3"},{"name":"Ultra Health Delivery - Silver City","type":"delivery","phone":"575-956-6605","city":"Silver City","state":"New Mexico","zipcode":"88061","slug":"ultra-health-delivery-silver-city"},{"name":"GrassRoots RX - Bosque Plaza Ln","type":"dispensary","phone":"505-832-7173","city":"Albuquerque","state":"New Mexico","zipcode":"87120","slug":"grassroots-rx-bosque-plaza-lane"},{"name":"Pecos Valley Production - Ruidoso","type":"dispensary","phone":"(575) 808-8960","city":"Ruidoso","state":"New Mexico","zipcode":"88345","slug":"pecos-valley-production-ruidoso"},{"name":"Minerva Canna Group - Minerva West","type":"dispensary","phone":"(505) 832-7480","city":"Albuquerque","state":"New Mexico","zipcode":"87114","slug":"minerva-canna-group-minerva-west"},{"name":"Peace Medical Marijuana Consultants","type":"doctor","phone":"(505) 247-2535","city":"Albuquerque","state":"New Mexico","zipcode":"87106","slug":"peace-medical-marijuana-consultants"},{"name":"Southwest Wellness - San Pedro","type":"dispensary","phone":"5052189157","city":"Albuquerque","state":"New Mexico","zipcode":"87110","slug":"southwest-wellness-san-pedro"},{"name":"New MexiCann Natural Medicine","type":"dispensary","phone":"505-982-2621","city":"Santa Fe","state":"New Mexico","zipcode":"87502","slug":"new-mexicann-natural-medicine-santa-fe"},{"name":"Pecos Valley Production - Canal St.","type":"dispensary","phone":"575-236-4145","city":"Carlsbad","state":"New Mexico","zipcode":"88220","slug":"pecos-valley-production-3"},{"name":"R Greenleaf - Las Cruces","type":"dispensary","phone":"575-366-9072","city":"Las Cruces","state":"New Mexico","zipcode":"88011","slug":"r-greenleaf-las-cruces"},{"name":"Everest Apothecary - North Valley","type":"dispensary","phone":"(505) 898-2800","city":"Albuquerque","state":"New Mexico","zipcode":"87114","slug":"everest-apothecary"},{"name":"Ultra Health - Rio Rancho","type":"dispensary","phone":"5058961242","city":"Rio Ranco","state":"New Mexico","zipcode":"87124","slug":"ultra-health-rio-rancho"},{"name":"GrassRoots RX - Grants","type":"dispensary","phone":"(505) 775-3027","city":"Grants","state":"New Mexico","zipcode":"87020","slug":"grassroots-rx-grants"},{"name":"The Kure Clinic","type":"doctor","phone":"505-930-5339","city":"Santa Fe","state":"New Mexico","zipcode":"87501","slug":"the-kure-clinic"},{"name":"Red Barn Growers","type":"dispensary","phone":"(505) 780-8476","city":"Santa Fe","state":"New Mexico","zipcode":"87507","slug":"red-barn-growers-3"},{"name":"Ultra Health - Silver City","type":"dispensary","phone":"575-956-6605","city":"Silver City","state":"New Mexico","zipcode":"88061","slug":"ultra-health-3"},{"name":"Southwest Wellness Center - Salazar","type":"dispensary","phone":"(575) 737-8960","city":"Taos","state":"New Mexico","zipcode":"87571","slug":"southwest-wellness-center"},{"name":"Dr. Karen Halliday","type":"doctor","phone":"(505) 985-3460","city":"Albuquerque","state":"New Mexico","zipcode":"87108","slug":"dr-karen-halliday"},{"name":"MJ Express-O Delivery - Truth or Consequences","type":"delivery","phone":"(575) 894-0301","city":"Truth or Consequences","state":"New Mexico","zipcode":"87901","slug":"mj-express-o-delivery-truth-or-consequences"},{"name":"Ultra Health - Roswell","type":"dispensary","phone":"5757554200","city":"Roswell","state":"New Mexico","zipcode":"88201","slug":"ultra-health-roswell"},{"name":"R Greenleaf - Cottonwood","type":"dispensary","phone":"505-899-0511","city":"Albuquerque","state":"New Mexico","zipcode":"87114","slug":"r-greenleaf-north-coors"},{"name":"Ultra Health - Clayton","type":"dispensary","phone":"(575) 374-5914","city":"Clayton","state":"New Mexico","zipcode":"88415","slug":"ultra-health-clayton"},{"name":"Ultra Health - Las Cruces","type":"dispensary","phone":"5754494561","city":"Las Cruces","state":"New Mexico","zipcode":"88001","slug":"ultra-health-las-cruces"},{"name":"Ultra Health - Santa Fe - St. Michael's","type":"dispensary","phone":"505-216-0898","city":"Santa Fe","state":"New Mexico","zipcode":"87505","slug":"ultra-health-santa-fe"},{"name":"Organtica - Silver City","type":"dispensary","phone":"(575) 956-6099","city":"Silver City","state":"New Mexico","zipcode":"88061","slug":"organtica-2"},{"name":"Pecos Valley Production - Roswell","type":"dispensary","phone":"575-812-8002","city":"Roswell","state":"New Mexico","zipcode":"88201","slug":"pecos-valley-pharmaceuticals-2"},{"name":"R Greenleaf - Roswell","type":"dispensary","phone":"505-522-2122","city":"Roswell","state":"New Mexico","zipcode":"88201","slug":"r-greenleaf-roswell"},{"name":"Healthy Education Society - Carlsbad","type":"dispensary","phone":"(575) 689-1466","city":"Carlsbad","state":"New Mexico","zipcode":"88220","slug":"healthy-education-society-carlsbad"},{"name":"R Greenleaf - Westside","type":"dispensary","phone":"505-200-9060","city":"Albuquerque","state":"New Mexico","zipcode":"87120","slug":"r-greenleaf-westside"},{"name":"Sacred Garden","type":"dispensary","phone":"505-216-9686","city":"Santa Fe","state":"New Mexico","zipcode":"87505","slug":"sacred-garden-santa-fe"},{"name":"Organtica - Albuquerque","type":"dispensary","phone":"505-437-0111","city":"Albuquerque","state":"New Mexico","zipcode":"87110","slug":"organtica"},{"name":"Shift New Mexico - Jefferson St","type":"dispensary","phone":"(505) 312-8871","city":"Albuquerque","state":"New Mexico","zipcode":"87109","slug":"shift-new-mexico-jefferson"},{"name":"Ultra Health - Farmington","type":"dispensary","phone":"5052584634","city":"Farmington","state":"New Mexico","zipcode":"87402","slug":"ultra-health-farmington"},{"name":"New Mexico Alternative Care","type":"dispensary","phone":"(505) 258-4952","city":"Farmington","state":"New Mexico","zipcode":"87401","slug":"new-mexico-alternative-care"},{"name":"New Mexicann Natural Medicine - Española","type":"dispensary","phone":"(505) 585-2691","city":"Española","state":"New Mexico","zipcode":"87532","slug":"new-mexicann-natural-medicine-espanola"},{"name":"Ultra Health - Hobbs","type":"dispensary","phone":"575-964-1500","city":"Hobbs","state":"New Mexico","zipcode":"88240","slug":"ultra-health-hobbs"},{"name":"Continual Growth NM","type":"doctor","phone":"575-343-5133","city":"Las Cruces","state":"New Mexico","zipcode":"88001","slug":"continual-growth-nm"},{"name":"CG Corrigan","type":"dispensary","phone":"505-404-8363","city":"Placitas","state":"New Mexico","zipcode":"87043","slug":"cg-corrigan-2"},{"name":"PurLife Dispensary - Las Cruces","type":"dispensary","phone":"575-541-5580","city":"Las Cruces","state":"New Mexico","zipcode":"88011","slug":"mj-expresso"},{"name":"Healthy Education Society - Hobbs","type":"dispensary","phone":"(575) 492-0075","city":"Hobbs","state":"New Mexico","zipcode":"88240","slug":"healthy-education-society-hobbs"},{"name":"Seven Point Farms","type":"dispensary","phone":"5755170842","city":"Socorro","state":"New Mexico","zipcode":"87801","slug":"seven-point-farms-socorro"},{"name":"Southwest Wellness Center - Cerrillos","type":"dispensary","phone":"505-372-7046","city":"Santa Fe","state":"New Mexico","zipcode":"87505","slug":"southwest-wellness-center-99"},{"name":"Sacred Garden - San Mateo Blvd","type":"dispensary","phone":"(505)257-3748","city":"Albuquerque","state":"New Mexico","zipcode":"87108","slug":"sacred-garden-san-mateo-blvd"},{"name":"Everest Apothecary","type":"dispensary","phone":"505-865-6635","city":"Los Lunas","state":"New Mexico","zipcode":"87031","slug":"everest-apothecary-2"},{"name":"Minerva Canna Group - Bernalillo","type":"dispensary","phone":"(505) 404-8182","city":"Bernalillo","state":"New Mexico","zipcode":"87004","slug":"minerva-canna-group-bernalillo"},{"name":"OSO Cannabis Company - Carlsbad","type":"dispensary","phone":"(575) 200-3044","city":"Carlsbad","state":"New Mexico","zipcode":"88220","slug":"compassionate-distributors-carlsbad"},{"name":"Natural RX - Rio Rancho","type":"dispensary","phone":"(505) 404-8214","city":"Rio Rancho","state":"New Mexico","zipcode":"87124","slug":"natural-rx-rio-rancho"},{"name":"Mesilla Medical","type":"doctor","phone":"575-519-5500","city":"Las Cruces","state":"New Mexico","zipcode":"88005","slug":"mesilla-medical"},{"name":"Ultra Health - Espanola","type":"dispensary","phone":"505-747-8300","city":"Espanola","state":"New Mexico","zipcode":"87532","slug":"ultra-health-espanola"},{"name":"PurLife Dispensary-Farmington","type":"dispensary","phone":"5054332672","city":"Farmington","state":"New Mexico","zipcode":"87402","slug":"purlife-dispensary-1"},{"name":"Shift New Mexico - Montgomery Blvd","type":"dispensary","phone":"(505) 438-1090","city":"Albuquerque","state":"New Mexico","zipcode":"87111","slug":"shift-new-mexico-2"},{"name":"CG Corrigan - Gulton","type":"dispensary","phone":"505-322-2173","city":"Albuquerque","state":"New Mexico","zipcode":"87109","slug":"cg-corrigan-gulton-2"},{"name":"New Age Medical","type":"doctor","phone":"15054698581","city":"Santa Fe","state":"New Mexico","zipcode":"87507","slug":"new-age-medical"},{"name":"New Mexicann Natural Medicine - Las Vegas","type":"dispensary","phone":"(505) 349-4783","city":"Las Vegas","state":"New Mexico","zipcode":"87701","slug":"new-mexicann-natural-medicine-las-vegas"},{"name":"Kure Cannabis - Downtown","type":"dispensary","phone":"(505) 930-5339","city":"Santa Fe","state":"New Mexico","zipcode":"87501","slug":"kure-cannabis-downtown"},{"name":"Harvest Foundation","type":"dispensary","phone":"505-242-3050","city":"Albuquerque","state":"New Mexico","zipcode":"87102","slug":"harvest-foundation"},{"name":"OSO Cannabis Company - Alamogordo","type":"dispensary","phone":"(575) 466-6187","city":"Alamogordo","state":"New Mexico","zipcode":"87004","slug":"compassionate-distributors-alamogordo"},{"name":"Sacred Garden","type":"delivery","phone":"5753000049","city":"Las Cruces","state":"New Mexico","zipcode":"88005","slug":"sacred-garden"},{"name":"Pecos Valley Production - Locust St.","type":"dispensary","phone":"5755714351","city":"Las Cruces","state":"New Mexico","zipcode":"88001","slug":"pecos-valley-production"},{"name":"Southwest Wellness Center - Espanola","type":"dispensary","phone":"505-747-2644","city":"Espanola","state":"New Mexico","zipcode":"87532","slug":"southwest-wellness-center-espanola"},{"name":"Southwest Wellness Center - Montgomery","type":"dispensary","phone":"505-404-8885","city":"Albuquerque","state":"New Mexico","zipcode":"87111","slug":"southwest-wellness-group"},{"name":"Shift New Mexico","type":"dispensary","phone":"(505) 438-1090","city":"Santa Fe","state":"New Mexico","zipcode":"87508","slug":"shift-new-mexico"},{"name":"Ultra Health - Albuquerque - N.E.","type":"dispensary","phone":"505.322.2299","city":"Albuquerque","state":"New Mexico","zipcode":"87110","slug":"ultra-health-albuquerque-n-e"},{"name":"R Greenleaf - Grants","type":"dispensary","phone":"505-287-5383","city":"Grants","state":"New Mexico","zipcode":"87020","slug":"r-greenleaf-grants"},{"name":"Canna Care","type":"doctor","phone":"505-219-3944","city":"Albuquerque","state":"New Mexico","zipcode":"87111","slug":"canna-care-md-4"},{"name":"R Greenleaf - NE Heights","type":"dispensary","phone":"505-217-9101","city":"Albuquerque","state":"New Mexico","zipcode":"87111","slug":"r-greenleaf-ne-heights"},{"name":"Ultra Health - Sunland Park","type":"dispensary","phone":"5755890684","city":"Sunland Park","state":"New Mexico","zipcode":"88063","slug":"ultra-health-sunland-park"},{"name":"OSO Cannabis Company - Roswell","type":"dispensary","phone":"(575) 258-1087","city":"Roswell","state":"New Mexico","zipcode":"88203","slug":"compassionate-distributors-roswell"},{"name":"Healthy Education Society - Artesia","type":"dispensary","phone":"(575) 703-3176","city":"Artesia","state":"New Mexico","zipcode":"88210","slug":"healthy-education-society-artesia"},{"name":"Natural Rx - Los Lunas","type":"dispensary","phone":"505-404-8214","city":"Los Lunas","state":"New Mexico","zipcode":"87031","slug":"natural-rx-3"},{"name":"Seven Clover - Juan Tabo Blvd","type":"dispensary","phone":"(505) 293-0305","city":"Albuquerque","state":"New Mexico","zipcode":"87112","slug":"seven-clover-juan-tabo-blvd"},{"name":"Minerva Canna Group - Santa Fe","type":"dispensary","phone":"(505) 982-1090","city":"Santa Fe","state":"New Mexico","zipcode":"87507","slug":"minerva-canna-group-santa-fe"},{"name":"GrassRoots RX - San Mateo Blvd","type":"dispensary","phone":"(505) 554-1648","city":"Albuquerque","state":"New Mexico","zipcode":"87110","slug":"grassroots-rx-san-mateo-blvd"},{"name":"PurLife Dispensary - Truth or Consequences","type":"dispensary","phone":"(575) 894-0301","city":"Truth or Consequences","state":"New Mexico","zipcode":"87901","slug":"mj-express-o-t-c"},{"name":"Kure Cannabis - Drive-Thru","type":"dispensary","phone":"5054714507","city":"Santa Fe","state":"New Mexico","zipcode":"87507","slug":"kure-cannabis-drive-through"},{"name":"The CBD Boutique (CBD Only)","type":"dispensary","phone":"(505) 503-7032","city":"Albuquerque","state":"New Mexico","zipcode":"87114","slug":"the-cbd-boutique-albuquerque"},{"name":"Natural Rx","type":"dispensary","phone":"(505) 404-8214","city":"Albuquerque","state":"New Mexico","zipcode":"87113","slug":"natural-rx-2"},{"name":"Minerva Canna Group - Albuquerque","type":"dispensary","phone":"(505) 888-2699","city":"Albuquerque","state":"New Mexico","zipcode":"87107","slug":"minerva-canna-group-albuquerque"},{"name":"Ultra Health - Los Lunas","type":"dispensary","phone":"5058656359","city":"Las Lunas","state":"New Mexico","zipcode":"87031","slug":"ultra-health-los-lunas"},{"name":"MJ Express-O Delivery - Silver City","type":"delivery","phone":"(575) 894-0301","city":"Silver City","state":"New Mexico","zipcode":"88061","slug":"mj-express-o-delivery-silver-city"},{"name":"Red Barn Growers","type":"dispensary","phone":"(505) 862-9707","city":"Gallup","state":"New Mexico","zipcode":"87301","slug":"red-barn-growers-2-2"},{"name":"R Greenleaf - Nob Hill","type":"dispensary","phone":"505-200-2367","city":"Albuquerque","state":"New Mexico","zipcode":"87108","slug":"r-greenleaf-nob-hill"},{"name":"?Celeste Taylor MD","type":"doctor","phone":"575-288-6327","city":"Las Cruces","state":"New Mexico","zipcode":"88011","slug":"celete-taylor-md"},{"name":"Ultra Health Delivery - Alamogordo","type":"delivery","phone":"575-214-2631","city":"Alamogordo","state":"New Mexico","zipcode":"88310","slug":"ultra-health-delivery-alamogordo"},{"name":"Ultra Health - South Valley","type":"dispensary","phone":"5058317142","city":"Albuquerque","state":"New Mexico","zipcode":"87121","slug":"ultra-health-south-valley"},{"name":"Ultra Health - Albuquerque - Nob Hill Birdland","type":"dispensary","phone":"505-322-2858","city":"Albuquerque","state":"New Mexico","zipcode":"87106","slug":"albuquerque-nob-hill-birdland"},{"name":"Ultra Health - S.E. Heights","type":"dispensary","phone":"5054334308","city":"Albuquerque","state":"New Mexico","zipcode":"87108","slug":"ultra-health-s-e-heights"},{"name":"Minerva Canna Group - Los Lunas","type":"dispensary","phone":"(505) 865-7809","city":"Los Lunas","state":"New Mexico","zipcode":"87031","slug":"minerva-canna-group"},{"name":"Urban Wellness - Paradise","type":"dispensary","phone":"505-369-0092","city":"Albuquerque","state":"New Mexico","zipcode":"87114","slug":"urban-wellness-paradise"},{"name":"Ultra Health - Alamogordo","type":"dispensary","phone":"575-214-2631","city":"Alamogordo","state":"New Mexico","zipcode":"88310","slug":"ultra-health-2"}]}}