{"meta":{"total_listings":244},"data":{"listings":[{"name":"Dr. Ahmad Wardeh","type":"doctor","phone":"(570) 644-0988","city":"Coal Township","state":"Pennsylvania","zipcode":"17866","slug":"dr-ahmad-wardeh"},{"name":"Ethos Northeast Philadelphia","type":"dispensary","phone":"000-000-0000","city":"Philadelphia","state":"Pennsylvania","zipcode":"19114","slug":"ethos-northeast-philadelphia"},{"name":"Dr. Alberto Larrieu","type":"doctor","phone":"(215) 934-6777","city":"Philadelphia","state":"Pennsylvania","zipcode":"19116","slug":"dr-alberto-larrieu"},{"name":"Mayfair Professional Office PC","type":"doctor","phone":"(215) 333-9484","city":"Philadelphia","state":"Pennsylvania","zipcode":"19136","slug":"dr-neal-mermelstein"},{"name":"Restore Integrative Wellness Center - Doylestown","type":"dispensary","phone":"267-621-3014","city":"Doylestown","state":"Pennsylvania","zipcode":"18902","slug":"restore-integrative-wellness-center"},{"name":"Green Goods Bethlehem","type":"dispensary","phone":"(800)514-8532","city":"Bethlehem","state":"Pennsylvania","zipcode":"18015","slug":"green-goods-bethlehem-coming-soon"},{"name":"Restore Integrative Wellness Center - Philadelphia","type":"dispensary","phone":"(215) 999-2980","city":"Philadelphia","state":"Pennsylvania","zipcode":"19125","slug":"restore-integrative-wellness-center-philadelphia"},{"name":"Hytek Medical","type":"doctor","phone":"(855) 694-9835","city":"Allentown","state":"Pennsylvania","zipcode":"18102","slug":"hytek-medical-5f69df3d-f318-42cd-8f8a-631fc3e5dd8e"},{"name":"Miracle Leaf Pennsylvania","type":"doctor","phone":"8332603624","city":"Philadelphia","state":"Pennsylvania","zipcode":"19102","slug":"miracle-leaf-pennsylvania"},{"name":"Liberty Aliquippa","type":"dispensary","phone":"724-203-3029","city":"Aliquippa","state":"Pennsylvania","zipcode":"15001","slug":"liberty-aliquippa"},{"name":"AYR Wellness - New Castle","type":"dispensary","phone":"724-652-1010","city":"New Castle","state":"Pennsylvania","zipcode":"16101","slug":"ayr-wellness-new-castle"},{"name":"Vital Pain Center","type":"doctor","phone":"(412) 279-1231","city":"Pittsburgh","state":"Pennsylvania","zipcode":"15243","slug":"vital-pain-center"},{"name":"Curaleaf King of Prussia","type":"dispensary","phone":"610-601-2054","city":"King of Prussia","state":"Pennsylvania","zipcode":"19406","slug":"herbology-king-of-prussia"},{"name":"Hytek Medical","type":"doctor","phone":"(855) 694-9835","city":"Conshohocken","state":"Pennsylvania","zipcode":"19428","slug":"hytek-medical-0ddc7941-7a3a-45eb-bc3c-71d33aaf6552"},{"name":"RISE Dispensaries Latrobe","type":"dispensary","phone":"724-220-4106","city":"Latrobe","state":"Pennsylvania","zipcode":"15650","slug":"rise-latrobe"},{"name":"RISE Dispensaries Cranberry","type":"dispensary","phone":"445-900-1081","city":"Cranberry Township","state":"Pennsylvania","zipcode":"16066","slug":"rise-dispensaries-cranberry"},{"name":"The Sanctuary Wellness Institute","type":"doctor","phone":"(610) 816-0862","city":"Allentown","state":"Pennsylvania","zipcode":"18014","slug":"the-sanctuary-wellness-institute-9"},{"name":"A. John Titus, MD","type":"doctor","phone":"(484) 821-0203","city":"Bethlehem","state":"Pennsylvania","zipcode":"18020","slug":"a-john-titus-md"},{"name":"Curaleaf Brookville","type":"dispensary","phone":"814-310-9997","city":"Brookville","state":"Pennsylvania","zipcode":"15825","slug":"herbology-brookville"},{"name":"Marijuana Certifications","type":"doctor","phone":"2135420665","city":"Scranton","state":"Pennsylvania","zipcode":"18505","slug":"marijuana-certifications-14"},{"name":"Compassionate Care Consultants","type":"doctor","phone":"(484) 320-6550","city":"Wexford","state":"Pennsylvania","zipcode":"15090","slug":"compassionate-care-consultants-12"},{"name":"Compassionate Care Consultants","type":"doctor","phone":"(484) 320-6550","city":"Butler","state":"Pennsylvania","zipcode":"16001","slug":"compassionate-care-consultants-8"},{"name":"Ayr Wellness","type":"dispensary","phone":"6108147047","city":"Plymouth Meeting","state":"Pennsylvania","zipcode":"19462","slug":"ayr-wellness"},{"name":"Cure","type":"dispensary","phone":"(610) 546-2873","city":"Phoenixville","state":"Pennsylvania","zipcode":"19460","slug":"cure-phoenixville"},{"name":"Liberty Krewstown","type":"dispensary","phone":"(267) 686-2824","city":"Philadelphia","state":"Pennsylvania","zipcode":"19115","slug":"liberty-philadelphia"},{"name":"Serenity Medical Evaluations","type":"doctor","phone":"267-490 3374","city":"Lancaster","state":"Pennsylvania","zipcode":"17601","slug":"serenity-medical-evaluations-48"},{"name":"Marijuana Certifications","type":"doctor","phone":"2135420665","city":"Johnstown","state":"Pennsylvania","zipcode":"16066","slug":"marijuana-certifications-13"},{"name":"Verilife - Chester","type":"dispensary","phone":"(610) 245-5610","city":"Chester","state":"Pennsylvania","zipcode":"19013","slug":"verilife-chester"},{"name":"Dr. Dori Middleman","type":"doctor","phone":"(610) 664-7793","city":"Bala Cynwyd","state":"Pennsylvania","zipcode":"19004","slug":"dr-dori-middleman"},{"name":"Green Health Consulting llc","type":"doctor","phone":"(818) 815-9172","city":"Allentown","state":"Pennsylvania","zipcode":"18102","slug":"green-health-consulting-llc"},{"name":"Marijuana Doctor-Telehealth- PA","type":"doctor","phone":"(863) 220-9377","city":"Erie","state":"Pennsylvania","zipcode":"16501","slug":"marijuana-doctor-telehealth-pa"},{"name":"Collaborative Cannabis Care","type":"doctor","phone":"(267) 932-8560","city":"Harleysville","state":"Pennsylvania","zipcode":"19438","slug":"collaborative-cannabis-care"},{"name":"Cannabis Care Center - Monroeville","type":"doctor","phone":"(412) 229-7848","city":"Monroeville","state":"Pennsylvania","zipcode":"15146","slug":"cannabis-care-certification-centers-2"},{"name":"BEYOND \/ HELLO - Scranton","type":"dispensary","phone":"570-618-8771","city":"Scranton","state":"Pennsylvania","zipcode":"18505","slug":"beyond-hello-scranton"},{"name":"Zen Leaf Altoona","type":"dispensary","phone":"814-499-6181","city":"Altoona","state":"Pennsylvania","zipcode":"16602","slug":"zen-leaf-altoona"},{"name":"Dr. Kenneth Winokur","type":"doctor","phone":"(215) 389-6120","city":"Philadelphia","state":"Pennsylvania","zipcode":"19148","slug":"dr-kenneth-winokur"},{"name":"Compassionate Care Consultants","type":"doctor","phone":"(484) 320-6550","city":"Greensburg","state":"Pennsylvania","zipcode":"15601","slug":"compassionate-care-consultants-3"},{"name":"RISE Dispensaries Erie (Lake)","type":"dispensary","phone":"(814) 277-2835","city":"Erie","state":"Pennsylvania","zipcode":"16505","slug":"rise-erie"},{"name":"RISE Dispensaries New Castle","type":"dispensary","phone":"724-250-8081","city":"New Castle","state":"Pennsylvania","zipcode":"16101","slug":"rise-dispensaries-new-castle"},{"name":"New Leaf Center for Integrative Medicine","type":"doctor","phone":"(724) 565-1121","city":"Charleroi","state":"Pennsylvania","zipcode":"15022","slug":"new-leaf-center-for-integrative-medicine"},{"name":"DWH Medical Center","type":"doctor","phone":"(610) 419-3388","city":"Quakertown","state":"Pennsylvania","zipcode":"18951","slug":"dwh-medical-center-2"},{"name":"Compassionate Care Consultants, LLC","type":"doctor","phone":"484-320-6550","city":"Scranton","state":"Pennsylvania","zipcode":"18503","slug":"compassionate-care-consultants-5"},{"name":"The Sanctuary Wellness Institute","type":"doctor","phone":"(267) 630-1714","city":"Philadelphia","state":"Pennsylvania","zipcode":"19103","slug":"the-sanctuary-wellness-institute-2"},{"name":"Ethos Montgomeryville","type":"dispensary","phone":"267-857-3734","city":"Montgomeryville","state":"Pennsylvania","zipcode":"18936","slug":"ethos-montgomeryville"},{"name":"Dr. Tara Cuda","type":"doctor","phone":"(215) 755-2800","city":"Philadelphia","state":"Pennsylvania","zipcode":"19145","slug":"dr-tara-cuda"},{"name":"Restore Integrative Wellness Center - Elkins Park","type":"dispensary","phone":"215-709-2360","city":"Elkins Park","state":"Pennsylvania","zipcode":"19027","slug":"restore-integrative-wellness-center-elkins-park-1"},{"name":"Ethos Wilkes-Barre","type":"dispensary","phone":"484-660-2035","city":"Wilkes-Barre","state":"Pennsylvania","zipcode":"18702","slug":"ethos-wilkes-barre"},{"name":"Dr. Monika Vansant","type":"doctor","phone":"(215) 551-0200","city":"Philadelphia","state":"Pennsylvania","zipcode":"19147","slug":"dr-monika-vansant"},{"name":"Coopersburg Family Practice","type":"doctor","phone":"(610) 282-1170","city":"Coopersburg","state":"Pennsylvania","zipcode":"18036","slug":"coopersburg-family-practice"},{"name":"The Sanctuary Wellness Institute","type":"doctor","phone":"(717) 925-0667","city":"York","state":"Pennsylvania","zipcode":"17403","slug":"the-sanctuary-wellness-institute-8"},{"name":"BEYOND HELLO","type":"dispensary","phone":"(610) 471-1184","city":"Reading","state":"Pennsylvania","zipcode":"19602","slug":"beyond-hello-7"},{"name":"Compassionate care Consultants","type":"doctor","phone":"4843206550","city":"Altoona","state":"Pennsylvania","zipcode":"16602","slug":"compassionate-care-consultants-14"},{"name":"Canna Care Docs - Steelton","type":"doctor","phone":"(717) 781-2852","city":"Steelton","state":"Pennsylvania","zipcode":"17113","slug":"coexist-gallery-canna-care-docs"},{"name":"Compassionate Certification Centers","type":"doctor","phone":"(888) 316-9085","city":"Carlisle","state":"Pennsylvania","zipcode":"17013","slug":"compassionate-certification-centers-5"},{"name":"Harvest HOC","type":"dispensary","phone":"(570) 217-8885","city":"Scranton","state":"Pennsylvania","zipcode":"18505","slug":"harvest-hoc-scranton"},{"name":"Compassionate Care Consultants","type":"doctor","phone":"4843206550","city":"Canonsburg","state":"Pennsylvania","zipcode":"15317","slug":"compassionate-care-consultants-10"},{"name":"Dr. Vithalbhai Dhaduk","type":"doctor","phone":"(570) 963-8803","city":"Dickson City","state":"Pennsylvania","zipcode":"18519","slug":"dr-vithalbhai-dhaduk"},{"name":"The Apothecarium - Lancaster","type":"dispensary","phone":"(717) 803-2420","city":"Lancaster","state":"Pennsylvania","zipcode":"17602","slug":"the-apothecarium-lancaster-1"},{"name":"Liberty Cranberry","type":"dispensary","phone":"(878) 208-7299","city":"Cranberry","state":"Pennsylvania","zipcode":"15086","slug":"liberty-cranberry"},{"name":"RISE Dispensaries York","type":"dispensary","phone":"717-800-1729","city":"York","state":"Pennsylvania","zipcode":"17408","slug":"rise-york"},{"name":"The Sanctuary Wellness Institute","type":"doctor","phone":"(717) 826-0196","city":"Lancaster","state":"Pennsylvania","zipcode":"17601","slug":"the-sanctuary-wellness-institute-3"},{"name":"Marijuana Certifications","type":"doctor","phone":"2135420665","city":"king of prussia","state":"Pennsylvania","zipcode":"16066","slug":"marijuana-certifications-11"},{"name":"Green Care Medical","type":"doctor","phone":"(708) 966-3030","city":"DuBois","state":"Pennsylvania","zipcode":"15801","slug":"green-care-medical-9"},{"name":"Rise Dispensaries Monroeville","type":"dispensary","phone":"412-516-9096","city":"Monroeville","state":"Pennsylvania","zipcode":"15146","slug":"rise-dispensaries-monroeville"},{"name":"Zen Leaf York","type":"dispensary","phone":"7174234334","city":"York","state":"Pennsylvania","zipcode":"17404","slug":"zen-leaf-york"},{"name":"Dr. Valerie Riley","type":"doctor","phone":"(610) 882-3828","city":"Bethlehem","state":"Pennsylvania","zipcode":"18017","slug":"dr-valerie-riley"},{"name":"BEYOND \/ HELLO - West Chester","type":"dispensary","phone":"610-471-1059","city":"West Chester","state":"Pennsylvania","zipcode":"19382","slug":"beyond-hello-5"},{"name":"The Sanctuary Wellness Institute","type":"doctor","phone":"(814) 470-4895","city":"Hollidaysburg","state":"Pennsylvania","zipcode":"16648","slug":"the-sanctuary-wellness-institute-10"},{"name":"Dr. David Tabby","type":"doctor","phone":"(610) 664-2584","city":"Bala Cynwyd","state":"Pennsylvania","zipcode":"19004","slug":"dr-david-tabby"},{"name":"Harvest HOC","type":"dispensary","phone":"(484) 207-1717","city":"Reading","state":"Pennsylvania","zipcode":"19611","slug":"harvest-hoc-18"},{"name":"Restore Integrative Wellness Center - Pottstown","type":"dispensary","phone":"4843912951","city":"Pottstown","state":"Pennsylvania","zipcode":"19464","slug":"restore-integrative-wellness-center-pottstown"},{"name":"Compassionate Certification Centers","type":"doctor","phone":"(888) 316-9085","city":"Erie","state":"Pennsylvania","zipcode":"16505","slug":"compassionate-certification-centers-9"},{"name":"Dr. Benjamin Kaplan, M.D.","type":"doctor","phone":"(215) 333-9998","city":"Philadelphia","state":"Pennsylvania","zipcode":"19114","slug":"dr-benjamin-kaplan-m-d"},{"name":"RISE Dispensaries Steelton","type":"dispensary","phone":"(717) 279-5818","city":"Steelton","state":"Pennsylvania","zipcode":"17113","slug":"rise-steelton"},{"name":"Serenity Medical Evaluations","type":"doctor","phone":"2674903374","city":"Philadelphia","state":"Pennsylvania","zipcode":"19099","slug":"serenity-medical-evaluations-51"},{"name":"Nature's Medicines Bloomsburg","type":"dispensary","phone":"570-828-3888","city":"Bloomsburg","state":"Pennsylvania","zipcode":"17815","slug":"nature-medicines-bloomsburg"},{"name":"Keystone Integrated Care - Greensburg","type":"dispensary","phone":"724-600-4438","city":"Greensburg","state":"Pennsylvania","zipcode":"15601","slug":"keystone-integrated-care-greensburg"},{"name":"Dr. Vincent DiGiovanni, M.D.","type":"doctor","phone":"(570) 270-5050","city":"Kingston","state":"Pennsylvania","zipcode":"18706","slug":"dr-vincent-digiovanni-m-d"},{"name":"Keystone Integrated Care - Pittsburgh","type":"dispensary","phone":"4124392093","city":"Pittsburgh","state":"Pennsylvania","zipcode":"15201","slug":"keystone-integrated-care-pittsburg"},{"name":"Organic Remedies, Inc.","type":"dispensary","phone":"(717) 562-7758","city":"Enola","state":"Pennsylvania","zipcode":"17025","slug":"organic-remedies-inc-enola"},{"name":"Green Bridge Society","type":"doctor","phone":"8143605353","city":"Tyrone","state":"Pennsylvania","zipcode":"16686","slug":"green-bridge-society"},{"name":"Organic Remedies, Inc.","type":"dispensary","phone":"(717) 251-2321","city":"Chambersburg","state":"Pennsylvania","zipcode":"17201","slug":"organic-remedies-inc-chambersburg"},{"name":"Cure","type":"dispensary","phone":"(717) 619-2873","city":"Lancaster","state":"Pennsylvania","zipcode":"17601","slug":"cure-lancaster"},{"name":"Dr Avidon Appel","type":"doctor","phone":"(215) 659-3770","city":"Willow Grove","state":"Pennsylvania","zipcode":"19090","slug":"dr-avidon-appel"},{"name":"The Sanctuary Wellness Institute","type":"doctor","phone":"(570) 301-6149","city":"Wilkes-Barre","state":"Pennsylvania","zipcode":"18701","slug":"the-sanctuary-wellness-institute-7"},{"name":"Green Hills Cannabis Certification","type":"doctor","phone":"(610) 530-9155","city":"Allentown","state":"Pennsylvania","zipcode":"18106","slug":"green-hills-cannabis-certification"},{"name":"TerraVida Holistic Centers","type":"dispensary","phone":"(484) 328-3442","city":"Malvern","state":"Pennsylvania","zipcode":"19355","slug":"terravida-holistic-centers-malvern"},{"name":"TerraVida Holistic Centers (Newly Opened)","type":"dispensary","phone":"(215) 366-5008","city":"Abington","state":"Pennsylvania","zipcode":"19001","slug":"terravida-holistic-centers-abington"},{"name":"Green Care Medical","type":"doctor","phone":"(708) 966-3030","city":"Gettysburg","state":"Pennsylvania","zipcode":"17325","slug":"green-care-medical-4"},{"name":"Maitri Medicinals - Pittsburgh","type":"dispensary","phone":"(844) 933-3627","city":"Pittsburgh","state":"Pennsylvania","zipcode":"15206","slug":"maitri-medicinals-pittsburgh"},{"name":"The Apothecarium - Plymouth Meeting","type":"dispensary","phone":"(484) 531-4420","city":"Plymouth Meeting","state":"Pennsylvania","zipcode":"19462","slug":"the-apothecarium-plymouth-meeting-7"},{"name":"North American Spine & Pain - Huntingdon Valley","type":"doctor","phone":"2156571315","city":"Huntingdon Valley","state":"Pennsylvania","zipcode":"19040","slug":"naspac-huntingdon-valley-pa"},{"name":"Compassionate Certification Centers","type":"doctor","phone":"(888) 316-9085","city":"Butler","state":"Pennsylvania","zipcode":"16001","slug":"compassionate-certification-centers-2"},{"name":"South Hills Pain & Rehab Assoc., Inc","type":"doctor","phone":"(412) 469-7722","city":"Jefferson Hills","state":"Pennsylvania","zipcode":"15025","slug":"dr-aleksandr-mikhaylovskiy"},{"name":"Compassionate Care Consultants, LLC","type":"doctor","phone":"4843206550","city":"Wyomissing","state":"Pennsylvania","zipcode":"19610","slug":"compassionate-care-consultants-llc-3"},{"name":"WeDoBigThings Medical Services","type":"doctor","phone":"(267) 563-6707 ","city":"Philadelphia","state":"Pennsylvania","zipcode":"19135","slug":"wedobigthings-medical-services"},{"name":"Liberty Bensalem","type":"dispensary","phone":"(267) 778-9222","city":"Bensalem","state":"Pennsylvania","zipcode":"19020","slug":"liberty-bensalem"},{"name":"North American Spine & Pain - Exton","type":"doctor","phone":"4848796508","city":"Exton","state":"Pennsylvania","zipcode":"19341","slug":"naspac-exton-pa"},{"name":"Dr. John Brady","type":"doctor","phone":"(570) 287-5588","city":"Luzerne","state":"Pennsylvania","zipcode":"18709","slug":"dr-john-brady"},{"name":"The Green Remedy","type":"doctor","phone":"(215) 330-6455","city":"Philadelphia","state":"Pennsylvania","zipcode":"19111","slug":"the-green-remedy"},{"name":"Alternative and Integrated Medicine","type":"doctor","phone":"(484) 602-4438","city":"Orefield","state":"Pennsylvania","zipcode":"18069","slug":"alternative-and-integrated-medicine"},{"name":"Columbia Care - Allentown","type":"dispensary","phone":"(484) 838-7900","city":"Allentown","state":"Pennsylvania","zipcode":"18104","slug":"columbia-care-allentown"},{"name":"Amazing Grace Medical Center","type":"doctor","phone":"609-582-0899","city":"Easton","state":"Pennsylvania","zipcode":"18020","slug":"amazing-grace-medical-center"},{"name":"Zen Leaf Harrisburg","type":"dispensary","phone":"(717) 678-6707","city":"Harrisburg","state":"Pennsylvania","zipcode":"17104","slug":"zen-leaf-harrisburg"},{"name":"Curaleaf Gettysburg","type":"dispensary","phone":"717-398-0540","city":"Gettysburg","state":"Pennsylvania","zipcode":"17325","slug":"herbology-gettysburg"},{"name":"Curaleaf Morton","type":"dispensary","phone":"484-452-2108","city":"Morton","state":"Pennsylvania","zipcode":"19070","slug":"herbology-morton"},{"name":"Dr. Leonard Schuchman, D.O.","type":"doctor","phone":"(610) 235-4105","city":"West Chester","state":"Pennsylvania","zipcode":"19380","slug":"dr-leonard-schuchman-d-o"},{"name":"Rise Dispensaries Chambersburg","type":"dispensary","phone":"(717) 400-5833","city":"Chambersburg","state":"Pennsylvania","zipcode":"17201","slug":"rise-dispensaries-chambersburg"},{"name":"Dr. Joyce Liporace","type":"doctor","phone":"(610) 644-6251","city":"Paoli","state":"Pennsylvania","zipcode":"19301","slug":"dr-joyce-liporace"},{"name":"Dr. Jimmie Sanders","type":"doctor","phone":"(215) 474-2007","city":"Philadelphia","state":"Pennsylvania","zipcode":"19139","slug":"dr-jimmie-sanders"},{"name":"Ethos Pittsburgh South at Pleasant Hills","type":"dispensary","phone":"412-775-2905","city":"Pittsburgh","state":"Pennsylvania","zipcode":"15236","slug":"ethos-pleasant-hills"},{"name":"Keystone Center of Integrative Wellness, LLC","type":"dispensary","phone":"(888) 805-1764","city":"Williamsport","state":"Pennsylvania","zipcode":"17701","slug":"keystone-center-of-integrative-wellness"},{"name":"Omni Patient Advocates","type":"doctor","phone":"(800) 616-1008","city":"Camp Hill","state":"Pennsylvania","zipcode":"17011","slug":"omni-medical-services-of-pa"},{"name":"Dr. Daniel Schwartz","type":"doctor","phone":"(215) 848-6700","city":"Philadelphia","state":"Pennsylvania","zipcode":"19144","slug":"dr-daniel-schwartz"},{"name":"Keystone Shops - Devon","type":"dispensary","phone":"(215) 876-0420","city":"Devon","state":"Pennsylvania","zipcode":"19333","slug":"keystone-shops-devon"},{"name":"Columbia Care - Wilkes-Barre","type":"dispensary","phone":"(570) 362-7020","city":"Wilkes-Barre","state":"Pennsylvania","zipcode":"18702","slug":"columbia-care-pennsylvania-wilkes-barre"},{"name":"Verdant Health Physicians \/ Dr. Livia Baublitz","type":"doctor","phone":"(717) 609-1009","city":"Lancaster","state":"Pennsylvania","zipcode":"17601","slug":"dr-livia-baublitz"},{"name":"Curaleaf Bradford","type":"dispensary","phone":"814-250-0436","city":"Bradford","state":"Pennsylvania","zipcode":"16701","slug":"herbology-bradford"},{"name":"Restore Integrative Wellness Center - Lancaster","type":"dispensary","phone":"717-209-7430","city":"East Petersburg","state":"Pennsylvania","zipcode":"17520","slug":"restore-integrative-wellness-center-3"},{"name":"Nature's Medicines Selinsgrove","type":"dispensary","phone":"570-828-3999","city":"Selinsgrove","state":"Pennsylvania","zipcode":"17870","slug":"natures-medicines-selinsgrove"},{"name":"BEYOND \/ HELLO - Northern Liberties","type":"dispensary","phone":"215-475-3580","city":"Philadelphia","state":"Pennsylvania","zipcode":"19123","slug":"beyond-hello-northern-liberties-1"},{"name":"Dr. Mark Avart","type":"doctor","phone":"(610) 667-7712","city":"Balacynwyd","state":"Pennsylvania","zipcode":"19004","slug":"philadelphia-orthopedic-group-2"},{"name":"Curaleaf Altoona","type":"dispensary","phone":"814-283-4439","city":"Altoona","state":"Pennsylvania","zipcode":"16602","slug":"herbology-altoona"},{"name":"Nature's Medicines State College","type":"dispensary","phone":"(814) 924-0597","city":"State College","state":"Pennsylvania","zipcode":"16803","slug":"nature-s-medicines-state-college"},{"name":"Compassionate Certification Centers","type":"doctor","phone":"(888) 316-9085","city":"Natrona Heights","state":"Pennsylvania","zipcode":"15065","slug":"compassionate-certification-centers-8"},{"name":"The Sanctuary Wellness Institute","type":"doctor","phone":"(412) 397-8740","city":"Pittsburgh","state":"Pennsylvania","zipcode":"15212","slug":"the-sanctuary-wellness-institute-15"},{"name":"The Sanctuary Wellness Institute","type":"doctor","phone":"(484)-352-3600","city":"Media","state":"Pennsylvania","zipcode":"19603","slug":"the-sanctuary-wellness-institute-6"},{"name":"Keystone Shops - Philadelphia","type":"dispensary","phone":"215-876-0420","city":"Philadelphia","state":"Pennsylvania","zipcode":"19148","slug":"keystone-shops-philadelphia"},{"name":"Toftrees Family Medicine","type":"doctor","phone":"(814) 234-2226","city":"State College","state":"Pennsylvania","zipcode":"16803","slug":"toftrees-family-medicine"},{"name":"Integrative Pain Clinic","type":"doctor","phone":"(610) 732-4251","city":"West Chester","state":"Pennsylvania","zipcode":"19380","slug":"integrative-pain-clinic"},{"name":"Rise Dispensaries Duncansville","type":"dispensary","phone":"(814) 815-8077","city":"Duncansville","state":"Pennsylvania","zipcode":"16635","slug":"rise-dispensaries-duncansville"},{"name":"Harvest King of Prussia","type":"dispensary","phone":"(445) 777-6106","city":"King of Prussia","state":"Pennsylvania","zipcode":"19406","slug":"harvest-hoc-19"},{"name":"Green Goods Scranton","type":"dispensary","phone":"(800) 514-8532","city":"Scranton","state":"Pennsylvania","zipcode":"18504","slug":"green-goods-scranton"},{"name":"Canna Care Docs - Ambler","type":"doctor","phone":"(267) 460-8278","city":"Ambler","state":"Pennsylvania","zipcode":"19002","slug":"canna-care-docs-15"},{"name":"Hytek Medical","type":"doctor","phone":"(855) 694-9835","city":"Philadelphia","state":"Pennsylvania","zipcode":"19138","slug":"hytek-medical-811782ec-0fad-467a-a76b-9f866ae4034f"},{"name":"The Sanctuary Wellness Institute","type":"doctor","phone":"(717) 925-0646","city":"Lemoyne","state":"Pennsylvania","zipcode":"17043","slug":"the-sanctuary-wellness-institute-4"},{"name":"DWH Medical Center","type":"doctor","phone":"(610) 419-3388","city":"Bethelhem","state":"Pennsylvania","zipcode":"18018","slug":"dwh-medical-center"},{"name":"Cannabis Care of Beaver County and Certification Center","type":"doctor","phone":"(724) 257-2178","city":"Aliquippa","state":"Pennsylvania","zipcode":"15001","slug":"cannabis-care"},{"name":"RISE Dispensaries Hermitage","type":"dispensary","phone":"(724) 500-5508","city":"Hermitage","state":"Pennsylvania","zipcode":"16148","slug":"rise-hermitage"},{"name":"Harvest HOC","type":"dispensary","phone":"(717) 356-0800","city":"Harrisburg","state":"Pennsylvania","zipcode":"17110","slug":"harvest-hoc-14"},{"name":"Dr. Norihito Onishi","type":"doctor","phone":"(888) 262-0021","city":"Mount Morris","state":"Pennsylvania","zipcode":"15349","slug":"dr-norihito-onishi"},{"name":"Compassionate Care Consultants","type":"doctor","phone":"412-550-0165","city":"Washington","state":"Pennsylvania","zipcode":"15301","slug":"compassionate-care-consultants-7"},{"name":"Compassionate Certification Centers","type":"doctor","phone":"(888) 316-9085","city":"Pittsburgh","state":"Pennsylvania","zipcode":"15222","slug":"compassionate-certification-centers"},{"name":"Cannabis Care Center - Union Town","type":"doctor","phone":"(412) 229-7848","city":"Uniontown","state":"Pennsylvania","zipcode":"15401","slug":"cannabis-care-center-3"},{"name":"Solevo Wellness","type":"dispensary","phone":"(412) 422-0420","city":"Zelienople","state":"Pennsylvania","zipcode":"16063","slug":"solevo-wellness-zelienople"},{"name":"PGH MMJ Clinic","type":"doctor","phone":"(412) 345-3791","city":"Pittsburgh","state":"Pennsylvania","zipcode":"15206","slug":"pgh-mmj-clinic"},{"name":"Verilife Shamokin (Medical)","type":"dispensary","phone":"717-248-9605","city":"Shamokin","state":"Pennsylvania","zipcode":"17872","slug":"verilife-shamokin-medical"},{"name":"Rise Dispensaries Meadville","type":"dispensary","phone":"814-900-4674","city":"Meadville","state":"Pennsylvania","zipcode":"16335","slug":"rise-dispensaries-meadville"},{"name":"Curaleaf Dubois","type":"dispensary","phone":"814-619-4516","city":"DuBois","state":"Pennsylvania","zipcode":"15801","slug":"herbology-dubois"},{"name":"MMJRecs Online Clinic","type":"doctor","phone":"8444665732","city":"Upper Darby","state":"Pennsylvania","zipcode":"19082","slug":"mmjrecs-online-clinic-17"},{"name":"Columbia Care - Scranton","type":"dispensary","phone":"(570) 309-6098","city":"Scranton","state":"Pennsylvania","zipcode":"18508","slug":"columbia-care-pennsylvania-scranton"},{"name":"BEYOND \/ HELLO - Center City","type":"dispensary","phone":"(267) 804-7168","city":"Philadelphia","state":"Pennsylvania","zipcode":"19107","slug":"beyond-hello"},{"name":"RISE Dispensaries Mechanicsburg","type":"dispensary","phone":"717-400-5610","city":"Mechanicsburg","state":"Pennsylvania","zipcode":"17055","slug":"rise-mechanicsburg"},{"name":"Verilife - Williamsport","type":"dispensary","phone":"(570) 260-6906","city":"Williamsport","state":"Pennsylvania","zipcode":"17701","slug":"verilife-williamsport"},{"name":"Compassionate Care Consultants","type":"doctor","phone":"484-320-6550","city":"Philadelphia","state":"Pennsylvania","zipcode":"19102","slug":"compassionate-care-consultants-9"},{"name":"Fluent - Hanover","type":"dispensary","phone":"(717) 344-5559","city":"Hanover","state":"Pennsylvania","zipcode":"17331","slug":"knox-medical-hanover"},{"name":"ReVitaJuve Health and Wellness","type":"doctor","phone":"(484) 393-5883","city":"Allentown","state":"Pennsylvania","zipcode":"18101","slug":"revitajuve"},{"name":"Compassionate Certification Centers","type":"doctor","phone":"(888) 316-9085","city":"Clarion","state":"Pennsylvania","zipcode":"16214","slug":"compassionate-certification-centers-4"},{"name":"Solevo Wellness","type":"dispensary","phone":"(412) 422-0420","city":"Pittsburgh","state":"Pennsylvania","zipcode":"15217","slug":"solevo-wellness-pittsburgh"},{"name":"Dr. Christine Daecher","type":"doctor","phone":"(717) 737-5544","city":"Camp Hill","state":"Pennsylvania","zipcode":"17011","slug":"dr-christine-daecher"},{"name":"420Recs.com - Philadelphia (100% Online)","type":"doctor","phone":"650-300-4334","city":"Philadelphia","state":"Pennsylvania","zipcode":"19108","slug":"420recs-philadelphia"},{"name":"Complete Physician Services","type":"doctor","phone":"(215) 549-5900","city":"Philadelphia","state":"Pennsylvania","zipcode":"19138","slug":"complete-physician-services"},{"name":"Curaleaf Philly - Passyunk","type":"dispensary","phone":"267-691-0565","city":"Philadelphia","state":"Pennsylvania","zipcode":"19147","slug":"herbology-passyunk"},{"name":"Cannabis Care Center - Connellsville","type":"doctor","phone":"(412) 229-7848","city":"Connellsville","state":"Pennsylvania","zipcode":"15425","slug":"cannabis-care-center"},{"name":"Dr. Jeffrey Pinsk","type":"doctor","phone":"(610) 353-6600","city":"Newtown Square","state":"Pennsylvania","zipcode":"19073","slug":"dr-jeffrey-pinsk"},{"name":"The Healing Center","type":"dispensary","phone":"(724) 914-4944","city":"Washington","state":"Pennsylvania","zipcode":"15301","slug":"the-healing-center-pittsburgh"},{"name":"Elite Alternative Medicine","type":"doctor","phone":"(412) 722-0102","city":"Pittsburgh","state":"Pennsylvania","zipcode":"15275","slug":"dr-russel-adams"},{"name":"Keystone Integrated Care (Coming Soon)","type":"dispensary","phone":"(844) 563-2837","city":"Cranberry Township","state":"Pennsylvania","zipcode":"16066","slug":"keystone-integrated-care-cranberry-township"},{"name":"Harvest HOC","type":"dispensary","phone":"(484) 513-3732","city":"Reading","state":"Pennsylvania","zipcode":"19605","slug":"harvest-of-reading"},{"name":"Csaszar Institute","type":"doctor","phone":"(610) 983-3686","city":"Phoenixville","state":"Pennsylvania","zipcode":"19460","slug":"dr-daniel-csaszar"},{"name":"Keystone Shops - King of Prussia","type":"dispensary","phone":"(215) 876-0420","city":"King of Prussia","state":"Pennsylvania","zipcode":"19406","slug":"keystone-shops-king-of-prussia"},{"name":"Allentown Wellness Center","type":"doctor","phone":"(610) 390-0260","city":"Allentown","state":"Pennsylvania","zipcode":"18104","slug":"dr-david-a-gordon-md"},{"name":"Premier Medical Rehab","type":"doctor","phone":"(717) 831-8212","city":"Mechanicsburg","state":"Pennsylvania","zipcode":"17055","slug":"premier-medical-rehab"},{"name":"Dr. Ninad Sthalekar","type":"doctor","phone":"(215) 348-7000","city":"Doylestown","state":"Pennsylvania","zipcode":"18901","slug":"dr-ninad-sthalekar"},{"name":"Spectrum Family Practice","type":"doctor","phone":"(412) 354-8791","city":"Verona","state":"Pennsylvania","zipcode":"15147","slug":"spectrum-family-practice"},{"name":"Liberty Norristown","type":"dispensary","phone":"(484) 612-4520","city":"Norristown","state":"Pennsylvania","zipcode":"19403","slug":"liberty-norristown"},{"name":"Dr. Ciceron Opida, M.D.","type":"doctor","phone":"(814) 684-3101","city":"Tyrone","state":"Pennsylvania","zipcode":"16686","slug":"dr-ciceron-opida-m-d"},{"name":"Compassionate Care Consultants","type":"doctor","phone":"4843206550","city":"Monroeville","state":"Pennsylvania","zipcode":"15146","slug":"compassionate-care-consultants-13"},{"name":"Cannabis Care Center - Belle Vernon","type":"doctor","phone":"(412) 229-7848","city":"Belle Vernon","state":"Pennsylvania","zipcode":"15012","slug":"cannabis-care-certifications-centers"},{"name":"BEYOND \/ HELLO - Bristol","type":"dispensary","phone":"(267) 580-5801","city":"Bristol","state":"Pennsylvania","zipcode":"19007","slug":"beyond-hello-a-cannabis-dispensary"},{"name":"The Apothecarium - Thorndale","type":"dispensary","phone":"(484) 789-6420","city":"East Thorndale","state":"Pennsylvania","zipcode":"19372","slug":"the-apothecarium-thorndale-1"},{"name":"Sunnyside Cannabis Dispensary – New Kensington","type":"dispensary","phone":"724-472-8900","city":"New Kensington","state":"Pennsylvania","zipcode":"15068","slug":"cy-dispensaries-new-kensington"},{"name":"Vytal Options - Harrisburg","type":"dispensary","phone":"7173033017","city":"Harrisburg","state":"Pennsylvania","zipcode":"17109","slug":"vytal-options-2"},{"name":"The Green Alternative Doctor","type":"doctor","phone":"2153368000","city":"Philadelphia","state":"Pennsylvania","zipcode":"19145","slug":"the-green-alternative-doctor-3"},{"name":"BEYOND \/ HELLO - Ardmore","type":"dispensary","phone":"610-471-1099","city":"Ardmore","state":"Pennsylvania","zipcode":"19003","slug":"beyond-hello-ardmore"},{"name":"The Sanctuary Wellness Institute","type":"doctor","phone":"Call (484) 346-5140","city":"Chester Springs","state":"Pennsylvania","zipcode":"19425","slug":"the-sanctuary-wellness-institute"},{"name":"Family Practice Center of Newtown","type":"doctor","phone":"(215) 968-1616","city":"Newtown","state":"Pennsylvania","zipcode":"18940","slug":"dr-catherine-spratt-turner"},{"name":"RISE Dispensaries King of Prussia","type":"dispensary","phone":"610-596-9266","city":"King of Prussia","state":"Pennsylvania","zipcode":"19406","slug":"rise-king-of-prussia"},{"name":"Harvest HOC","type":"dispensary","phone":"814-258-8190","city":"Johnstown","state":"Pennsylvania","zipcode":"15901","slug":"harvest-hoc-12"},{"name":"Cure","type":"dispensary","phone":"(215) 876-2873","city":"Philadelphia","state":"Pennsylvania","zipcode":"19131","slug":"cure-philadelphia"},{"name":"Curaleaf Lebanon","type":"dispensary","phone":"717-769-4174","city":"Lebanon","state":"Pennsylvania","zipcode":"17042","slug":"herbology-lebanon"},{"name":"TerraVida Holistic Centers","type":"dispensary","phone":"(215) 257-3243","city":"Sellersville","state":"Pennsylvania","zipcode":"18960","slug":"terravida-holistic-centers-sellersville"},{"name":"Dr. Bruce Goodman","type":"doctor","phone":"(215) 860-2424","city":"Newtown","state":"Pennsylvania","zipcode":"18940","slug":"dr-bruce-goodman"},{"name":"GreenMD","type":"doctor","phone":"570-499-3060","city":"Carlisle","state":"Pennsylvania","zipcode":"17013","slug":"greenmd-1"},{"name":"Hytek Medical","type":"doctor","phone":"(855) 694-9835","city":"King Of Prussia","state":"Pennsylvania","zipcode":"19406","slug":"hytek-medical-3a5b0489-8721-417a-b18b-d4b0628bcc82"},{"name":"Dr. Kultar Shergill, M.D.","type":"doctor","phone":"(724) 335-2202","city":"New Kensigton","state":"Pennsylvania","zipcode":"15068","slug":"dr-kultar-shergill-m-d"},{"name":"Cannabis Care Center - McKeesport","type":"doctor","phone":"(412) 229-7848","city":"McKeesport","state":"Pennsylvania","zipcode":"15132","slug":"cannabis-care-certification-centers"},{"name":"The Sanctuary Wellness Institute","type":"doctor","phone":"(267) 352-3729","city":"Newtown","state":"Pennsylvania","zipcode":"18940","slug":"the-sanctaury-wellness-institute"},{"name":"Dr. Jay Mergarnan","type":"doctor","phone":"(855) 646-7246","city":"Lansdale","state":"Pennsylvania","zipcode":"19446","slug":"dr-jay-mergarnan"},{"name":"Compassionate Care Consultants, LLC","type":"doctor","phone":"(484) 320-6550","city":"Johnstown","state":"Pennsylvania","zipcode":"15901","slug":"compassionate-care-consultants-2"},{"name":"Dr. Thomas Yablonski","type":"doctor","phone":"(610) 760-7044","city":"Walnutport","state":"Pennsylvania","zipcode":"18088","slug":"dr-thomas-yablonski"},{"name":"Greenleaf Compassion","type":"doctor","phone":"(412) 462-6001","city":"Homestead","state":"Pennsylvania","zipcode":"15120","slug":"dr-vera-sherman"},{"name":"Compassionate Care Consultants","type":"doctor","phone":"(484) 320-6550","city":"Pittsburgh","state":"Pennsylvania","zipcode":"15219","slug":"compassionate-care-consultants-4"},{"name":"Lower Gwynedd Functional Medicine","type":"doctor","phone":"(215) 780-1898","city":"North Wales","state":"Pennsylvania","zipcode":"19454","slug":"lower-gwynedd-functional-medicine"},{"name":"Dr. Mark Avart","type":"doctor","phone":"(215) 537-9450","city":"Philadelphia","state":"Pennsylvania","zipcode":"19149","slug":"philadelphia-orthopedic-group"},{"name":"Green Care Medical","type":"doctor","phone":"(708) 966-3030","city":"Philadelphia","state":"Pennsylvania","zipcode":"19147","slug":"green-care-medical-5"},{"name":"The Sanctuary Wellness Institute","type":"doctor","phone":"(484) 999-0612","city":"Wayne","state":"Pennsylvania","zipcode":"19087","slug":"the-sanctuary-wellness-institute-5"},{"name":"Dr. Sotomayor","type":"doctor","phone":"(610) 898-1200","city":"Reading","state":"Pennsylvania","zipcode":"19601","slug":"dr-sotomayor"},{"name":"MJA Healthcare","type":"doctor","phone":"(570) 872-9800","city":"East Stroudsburg","state":"Pennsylvania","zipcode":"18301","slug":"dr-mikhail-altamonov"},{"name":"Pain Control Center of Pittsburg","type":"doctor","phone":"(724) 728-7880","city":"Monaca","state":"Pennsylvania","zipcode":"15061","slug":"dr-gerard-myers"},{"name":"BEYOND \/ HELLO - Johnstown","type":"dispensary","phone":"814-357-9930","city":"Johnstown","state":"Pennsylvania","zipcode":"15901","slug":"beyond-hello-johnstown"},{"name":"Rittenhouse Women's Wellness Center","type":"doctor","phone":"(215) 735-7992","city":"Philadelphia","state":"Pennsylvania","zipcode":"19103","slug":"rittenhouse-women-s-wellness-center"},{"name":"Compassionate Care Consultants","type":"doctor","phone":"(484) 320-6550","city":"Erie","state":"Pennsylvania","zipcode":"16501","slug":"compassionate-care-consultants-6"},{"name":"Keystone Canna Remedies - Bethlehem","type":"dispensary","phone":"(484) 408-6122","city":"Bethlehem","state":"Pennsylvania","zipcode":"18017","slug":"keystone-canna-remmedies-bethlehem"},{"name":"Proactive Physical Medicine","type":"doctor","phone":"(610) 206-3194","city":"Bala Cynwyd","state":"Pennsylvania","zipcode":"19004","slug":"dr-sara-tabby"},{"name":"Compassionate Care Consultants, LLC","type":"doctor","phone":"4843206550","city":"State College","state":"Pennsylvania","zipcode":"16801","slug":"compassionate-care-consultants-llc-2"},{"name":"3 Rivers Leaf Consultants","type":"doctor","phone":"(412) 500-5323","city":"Pittsburgh","state":"Pennsylvania","zipcode":"15241","slug":"3-rivers-leaf-consultants"},{"name":"Central Outreach Wellness Center","type":"doctor","phone":"(412) 322-4151","city":"Pittsburgh","state":"Pennsylvania","zipcode":"15212","slug":"central-outreach-wellness-center"},{"name":"Nature's Pain Management Group","type":"doctor","phone":"(484) 334-8920","city":"Paoli","state":"Pennsylvania","zipcode":"19301","slug":"nature-s-pain-management-group"},{"name":"Marijuana Certifications","type":"doctor","phone":"2135420665","city":"Whitehall","state":"Pennsylvania","zipcode":"18052","slug":"marijuana-certifications-16"},{"name":"Dr. John Neely","type":"doctor","phone":"(717) 795-9566","city":"Mechanicsburg","state":"Pennsylvania","zipcode":"17050","slug":"dr-john-neely"},{"name":"Greenhouse Integrative Medicine","type":"doctor","phone":"(267) 685-6428","city":"Morrisville","state":"Pennsylvania","zipcode":"19067","slug":"greenhouse-integrative-medicine"},{"name":"Ethos Philadelphia","type":"dispensary","phone":"267-710-8928","city":"Philadelphia","state":"Pennsylvania","zipcode":"19107","slug":"ethos"},{"name":"Green Care Medical","type":"doctor","phone":"(708) 966-3030","city":"Altoona","state":"Pennsylvania","zipcode":"16601","slug":"green-care-medical-12"},{"name":"Hytek Medical","type":"doctor","phone":"(855) 694-9835","city":"State College","state":"Pennsylvania","zipcode":"16803","slug":"hytek-medical-32ad1089-bac6-4978-a058-3c5036bb008b"},{"name":"Compassionate Care Consultants, LLC","type":"doctor","phone":"4843206550","city":"Harrisburg","state":"Pennsylvania","zipcode":"17110","slug":"compassionate-care-consultants-llc"},{"name":"Justice Grown - Edwardsville","type":"dispensary","phone":"(570) 763-7200","city":"Edwardsville","state":"Pennsylvania","zipcode":"18704","slug":"justice-grown"},{"name":"Integrated Mental Health LLC","type":"doctor","phone":"(267) 544-0406","city":"Doylestown","state":"Pennsylvania","zipcode":"18902","slug":"dr-peter-finelli"},{"name":"RISE Dispensaries Erie (Peach)","type":"dispensary","phone":"(814) 480-9432","city":"Erie","state":"Pennsylvania","zipcode":"16509","slug":"rise-dispensaries-erie-peach"},{"name":"Ethos Allentown","type":"dispensary","phone":"267-662-1937","city":"Allentown","state":"Pennsylvania","zipcode":"18103","slug":"mission-pennsylvania"},{"name":"Verilife - Philadelphia","type":"dispensary","phone":"215-383-3157","city":"Philadelphia","state":"Pennsylvania","zipcode":"19127","slug":"verilife-philidelphia"},{"name":"Herbal MD","type":"doctor","phone":"(610) 940-1669","city":"Plymouth Meeting","state":"Pennsylvania","zipcode":"19462","slug":"herbal-md-2"},{"name":"Marijuana Certifications","type":"doctor","phone":"2135420665","city":"Reading","state":"Pennsylvania","zipcode":"19611","slug":"marijuana-certifications-15"},{"name":"Immediate Care Medical Center","type":"doctor","phone":"(570) 288-2300","city":"Kingston","state":"Pennsylvania","zipcode":"18704","slug":"immediate-care-medical-center"},{"name":"S.E. PA Pain Management","type":"doctor","phone":"(855) 235-7246","city":"Langhorne","state":"Pennsylvania","zipcode":"19047","slug":"s-e-pa-pain-management"},{"name":"Associates In Medical Toxicology","type":"doctor","phone":"(717) 388-4334","city":"Harrisburg","state":"Pennsylvania","zipcode":"17111","slug":"associates-in-medical-toxicology"},{"name":"Ethos Hazelton","type":"dispensary","phone":"570-630-9851","city":"Hazleton","state":"Pennsylvania","zipcode":"18202","slug":"ethos-hazelton"},{"name":"Marijuana Certifications","type":"doctor","phone":"2135420665","city":"Harrisburg","state":"Pennsylvania","zipcode":"17110","slug":"marijuana-certifications-12"},{"name":"RISE Dispensaries Carlisle","type":"dispensary","phone":"(717) 279-5820","city":"Carlisle","state":"Pennsylvania","zipcode":"17013","slug":"rise-carlisle"},{"name":"Sunnyside Cannabis Dispensary – Pittsburgh","type":"dispensary","phone":"412-631-3120","city":"Pittsburgh","state":"Pennsylvania","zipcode":"15222","slug":"cy-dispensaries-pittsburgh"},{"name":"Medcare Family Health Services","type":"doctor","phone":"(570) 858-5720","city":"Lock Haven","state":"Pennsylvania","zipcode":"17745","slug":"medcare-family-health-services"},{"name":"Marijuana Certifications","type":"doctor","phone":"2135420665","city":"Cranberry Township","state":"Pennsylvania","zipcode":"16066","slug":"marijuana-certifications-10"},{"name":"Ethos Pittsburgh West at Robinson \/ North Fayette","type":"dispensary","phone":"412-275-5502","city":"Pittsburgh","state":"Pennsylvania","zipcode":"15275","slug":"ethos-pittsburgh"},{"name":"Sunnyside Cannabis Dispensary – Butler","type":"dispensary","phone":"724-602-9030","city":"Butler","state":"Pennsylvania","zipcode":"16001","slug":"cy-dispensaries"}]}}