{"meta":{"total_listings":214},"data":{"listings":[{"name":"ARTISAN VAPOR & CBD Lewisville","type":"store","phone":"(972) 736-8085","city":"Lewisville","state":"Texas","zipcode":"75067","slug":"artisan-vapor-cbd-lewisville"},{"name":"CBD American Shaman - Coppell","type":"store","phone":"(972) 393-0913","city":"Coppell","state":"Texas","zipcode":"75019","slug":"cbd-american-shaman-coppell"},{"name":"CBD American Shaman - West Houston","type":"store","phone":"(281) 809-8115","city":"Houston","state":"Texas","zipcode":"77077","slug":"cbd-american-shaman-west-houston"},{"name":"CBD American Shaman - Conroe","type":"store","phone":"(936) 494-1599","city":"Conroe","state":"Texas","zipcode":"77304","slug":"cbd-american-shaman-conroe"},{"name":"Naturally Rooted","type":"store","phone":"817-225-2929","city":"Mansfield","state":"Texas","zipcode":"76063","slug":"naturally-rooted"},{"name":"CBD American Shaman - Richmond","type":"store","phone":"(832) 451-6504","city":"Richmond","state":"Texas","zipcode":"77469","slug":"cbd-american-shaman-richmond"},{"name":"CBD American Shaman - Nacogdoches Rd","type":"store","phone":"(210) 481-4248","city":"San Antonio","state":"Texas","zipcode":"78247","slug":"cbd-american-shaman-nacogdoches-rd"},{"name":"Your CBD Store - Austin","type":"store","phone":"737-203-8681","city":"Austin","state":"Texas","zipcode":"78072","slug":"your-cbd-store-austin-hemp-cbd-only-1"},{"name":"Your CBD Store - Pampa","type":"store","phone":"(806) 224-1468","city":"Pampa","state":"Texas","zipcode":"79065","slug":"your-cbd-store-pampa"},{"name":"CBD Lifestyles","type":"store","phone":"4692974402","city":"DeSoto","state":"Texas","zipcode":"75115","slug":"cbd-lifestyles-hemp-cbd-only"},{"name":"Elevated Wellness | CBD - Bellaire Blvd","type":"store","phone":"512-987-1919","city":"Houston","state":"Texas","zipcode":"77081","slug":"elevated-wellness-cbd-bellaire-blvd"},{"name":"Elevated Wellness | CBD - Sugarland","type":"store","phone":"(832) 451-6154","city":"Sugarland","state":"Texas","zipcode":"77479","slug":"elevated-wellness-cbd-sugarland"},{"name":"ARTISAN VAPOR & CBD The Colony","type":"store","phone":"(866) 256-9282","city":"Lewisville","state":"Texas","zipcode":"75056","slug":"artisan-vapor-cbd-the-colony"},{"name":"ARTISAN VAPOR & CBD Longview","type":"store","phone":"(430) 625-7411","city":"Longview","state":"Texas","zipcode":"75605","slug":"artisan-vapor-cbd-longview"},{"name":"Purely CBD - Hurst","type":"store","phone":"(817) 793-1788","city":"Hurst","state":"Texas","zipcode":"76054","slug":"purely-cbd-hurst"},{"name":"CBD American Shaman - Fort Stockton","type":"store","phone":"(432) 299-0255","city":"Fort Stockton","state":"Texas","zipcode":"79735","slug":"cbd-american-shaman-fort-stockton"},{"name":"CBD American Shaman - W Lovers Ln","type":"store","phone":"(214) 613-2223","city":"Dallas","state":"Texas","zipcode":"75209","slug":"cbd-american-shaman-w-lovers-ln"},{"name":"Your CBD Store - Georgetown","type":"store","phone":"(512) 688-5749","city":"Georgetown","state":"Texas","zipcode":"78628","slug":"your-cbd-store-georgetown"},{"name":"SA Botanicals - Downtown","type":"store","phone":"888-733-4493","city":"San Antonio","state":"Texas","zipcode":"78205","slug":"sa-botanicals-downtown"},{"name":"ARTISAN VAPOR & CBD Cedar Park","type":"store","phone":"(512) 906-0696","city":"Cedar Park","state":"Texas","zipcode":"78613","slug":"artisan-vapor-cbd-cedar-park"},{"name":"CBD American Shaman - FM 529 Rd","type":"store","phone":"(832) 427-1166","city":"Cypress","state":"Texas","zipcode":"77433","slug":"cbd-american-shaman-fm-529-rd"},{"name":"CBD American Shaman - Sherman","type":"store","phone":"(903) 328-5575","city":"Sherman","state":"Texas","zipcode":"75090","slug":"cbd-american-shaman-sherman"},{"name":"Your CBD Store - West (HEMP CBD Only)","type":"store","phone":"726-444-0073","city":"San Antonio","state":"Texas","zipcode":"78216","slug":"your-cbd-store-west-hemp-cbd-only"},{"name":"CBD American Shaman - N Josey Ln","type":"store","phone":"(972) 695-6125","city":"Carrollton","state":"Texas","zipcode":"75006","slug":"cbd-american-shaman-n-josey-ln"},{"name":"CBD American Shaman - E Abram St","type":"store","phone":"(817) 200-6122","city":"Arlington","state":"Texas","zipcode":"76010","slug":"cbd-american-shaman-e-abram-st"},{"name":"CBD American Shaman - Georgetown","type":"store","phone":"(512) 864-1848","city":"Georgetown","state":"Texas","zipcode":"78628","slug":"cbd-american-shaman-georgetown"},{"name":"CBD American Shaman - Grapevine","type":"store","phone":"(817) 722-6100","city":"Grapevine","state":"Texas","zipcode":"76051","slug":"cbd-american-shaman-grapevine"},{"name":"CBD American Shaman - FM 1960","type":"store","phone":"(281) 469-7620","city":"Houston","state":"Texas","zipcode":"77065","slug":"cbd-american-shaman-fm-1960"},{"name":"Your CBD Store - Huntsville","type":"store","phone":"936-755-6085","city":"Huntsville","state":"Texas","zipcode":"77320","slug":"your-cbd-store-huntsville"},{"name":"Northeast Texas Neurology Associates","type":"doctor","phone":"(903) 526-7055","city":"Tyler","state":"Texas","zipcode":"75704","slug":"northeast-texas-neurology-associates"},{"name":"Natural Ways CBD - Spring","type":"store","phone":"832-813-8454","city":"Spring","state":"Texas","zipcode":"77380","slug":"natural-ways-cbd-spring-hemp-cbd-only"},{"name":"ARTISAN VAPOR & CBD Addison","type":"store","phone":"(214) 257-0588","city":"Dallas","state":"Texas","zipcode":"75254","slug":"artisan-vapor-cbd-addison"},{"name":"Your CBD Store - Brownsville","type":"store","phone":"(956) 518-7760","city":"Brownsville","state":"Texas","zipcode":"78526","slug":"your-cbd-store-brownsville"},{"name":"Your CBD Store - McAllen","type":"store","phone":"(956) 322-5187","city":"McAllen","state":"Texas","zipcode":"78504","slug":"your-cbd-store-mcallen"},{"name":"Green Herbal Care","type":"store","phone":"5129538585","city":"Austin","state":"Texas","zipcode":"78745","slug":"green-herbal-care"},{"name":"ARTISAN VAPOR & CBD Houston","type":"store","phone":"(972) 514-1129","city":"Houston","state":"Texas","zipcode":"77098","slug":"artisan-vapor-cbd-houston"},{"name":"CBD American Shaman - Mission","type":"store","phone":"(956) 997-0007","city":"Mission","state":"Texas","zipcode":"78572","slug":"cbd-american-shaman-mission"},{"name":"Your CBD Store - Richardson","type":"store","phone":"(972) 238-7005","city":"Richardson","state":"Texas","zipcode":"75080","slug":"your-cbd-store-richardson"},{"name":"Your CBD Store - South Fort Worth","type":"store","phone":"(682) 250-2108","city":"South Fort Worth","state":"Texas","zipcode":"76132","slug":"your-cbd-store-south-fort-worth"},{"name":"CBD American Shaman - Pearland","type":"store","phone":"(832) 230-5353","city":"Pearland","state":"Texas","zipcode":"77581","slug":"cbd-american-shaman-pearland"},{"name":"CBD American Shaman - The Woodlands","type":"store","phone":"Coming Soon","city":"The Woodlands","state":"Texas","zipcode":"77382","slug":"cbd-american-shaman-the-woodlands"},{"name":"ARTISAN VAPOR & CBD Keller","type":"store","phone":"(682) 593-0491","city":"Keller","state":"Texas","zipcode":"76248","slug":"artisan-vapor-cbd-keller"},{"name":"CBD American Shaman - Port Arthur","type":"store","phone":"(409) 237-4093","city":"Port Arthur","state":"Texas","zipcode":"77640","slug":"cbd-american-shaman-port-arthur"},{"name":"CBD American Shaman - League City","type":"store","phone":"(832) 632-2327","city":"League City","state":"Texas","zipcode":"77573","slug":"cbd-american-shaman-league-city"},{"name":"ARTISAN VAPOR & CBD Weatherford","type":"store","phone":"(817) 550-6899","city":"Weatherford","state":"Texas","zipcode":"76087","slug":"artisan-vapor-cbd-weatherford"},{"name":"CBD American Shaman - N Tarrant Pkwy","type":"store","phone":"(817) 678-6588","city":"Fort Worth","state":"Texas","zipcode":"76244","slug":"cbd-american-shaman-n-tarrant-pkwy"},{"name":"CBD American Shaman - Rockwall","type":"store","phone":"(469) 769-1990","city":"Rockwall","state":"Texas","zipcode":"75087","slug":"cbd-american-shaman-rockwall"},{"name":"CBD American Shaman - Houston Heights","type":"store","phone":"(346) 330-9904","city":"Houston","state":"Texas","zipcode":"77008","slug":"cbd-american-shaman-houston-heights"},{"name":"CBD American Shaman - Beaumont","type":"store","phone":"(409) 333-1317","city":"Beaumont","state":"Texas","zipcode":"77706","slug":"cbd-american-shaman-beaumont"},{"name":"CBD American Shaman - I-45 North","type":"store","phone":"(832) 616-3076","city":"Spring","state":"Texas","zipcode":"77388","slug":"cbd-american-shaman-i-45-north"},{"name":"Your CBD Store - Waco","type":"store","phone":"(254) 495-4814","city":"Waco","state":"Texas","zipcode":"76701","slug":"your-cbd-store-waco"},{"name":"SA Botanicals - River Center Mall","type":"store","phone":"888-733-4493","city":"San Antonio","state":"Texas","zipcode":"78205","slug":"sa-botanicals-river-center-mall"},{"name":"Purely CBD - Grand Prairie","type":"store","phone":" (214) 677-1471","city":"Grand Prairie","state":"Texas","zipcode":"75052","slug":"purely-grand-prairie"},{"name":"CBD American Shaman - Burnet Rd","type":"store","phone":"(512) 796-8190","city":"Austin","state":"Texas","zipcode":"78757","slug":"cbd-american-shaman-burnet-rd"},{"name":"Your CBD Store - West Houston","type":"store","phone":"(281) 815-3241","city":"Houston","state":"Texas","zipcode":"77084","slug":"your-cbd-store-west-houston"},{"name":"Your CBD Store - Lubbock","type":"store","phone":"(806) 368-8125","city":"Lubbock","state":"Texas","zipcode":"79416","slug":"your-cbd-store-lubbock"},{"name":"CBD American Shaman - Little Elm","type":"store","phone":"(972) 704-3420","city":"Little Elm","state":"Texas","zipcode":"75068","slug":"cbd-american-shaman-little-elm"},{"name":"Your CBD Store - Woodforest","type":"store","phone":"(936) 588-6779","city":"Montgomery","state":"Texas","zipcode":"77316","slug":"your-cbd-store-woodforest"},{"name":"Purely CBD - East Arlington","type":"store","phone":"682-410-0148","city":"Arlington","state":"Texas","zipcode":"76010","slug":"purely-cbd-east-arlington"},{"name":"CBD American Shaman - Grand Prairie","type":"store","phone":"(214) 263-3371","city":"Grand Prairie","state":"Texas","zipcode":"75052","slug":"cbd-american-shaman-grand-prairie"},{"name":"CBD American Shaman - Corpus Christi","type":"store","phone":"(361) 414-9192","city":"Corpus Christi","state":"Texas","zipcode":"78411","slug":"cbd-american-shaman-corpus-christi"},{"name":"CBD American Shaman - W Sublett Rd","type":"store","phone":"(817) 516-5114","city":"Arlington","state":"Texas","zipcode":"76001","slug":"cbd-american-shaman-w-sublett-rd"},{"name":"CBD American Shaman - Southwest Houston","type":"store","phone":"(832) 564-7555","city":"Houston","state":"Texas","zipcode":"77031","slug":"cbd-american-shaman-southwest-houston"},{"name":"CBD American Shaman - Katy","type":"store","phone":"(832) 437-7712","city":"Katy","state":"Texas","zipcode":"77494","slug":"cbd-american-shaman-katy"},{"name":"ARTISAN VAPOR & CBD Burleson","type":"store","phone":"(817) 426-4004","city":"Burleson","state":"Texas","zipcode":"76028","slug":"artisan-vapor-cbd-burleson"},{"name":"Purely CBD - Cleburne","type":"store","phone":"(682)410-0142","city":"Clebume","state":"Texas","zipcode":"76033","slug":"purely-cbd-cleburne"},{"name":"CBD American Shaman - Research Blvd","type":"store","phone":"(512) 645-0510","city":"Austin","state":"Texas","zipcode":"78750","slug":"cbd-american-shaman-research-blvd"},{"name":"Marijuana Doctor- Telehealth- Texas","type":"doctor","phone":"(863) 220-9377","city":"Houston","state":"Texas","zipcode":"77005","slug":"marijuana-doctor-telehealth-texas"},{"name":"CBD American Shaman - Tomball","type":"store","phone":"(832) 843-6712","city":"Tomball","state":"Texas","zipcode":"77375","slug":"cbd-american-shaman-tomball"},{"name":"Purely CBD - Weatherford","type":"store","phone":"(682)410-0142","city":"Weatherford","state":"Texas","zipcode":"76086","slug":"purely-cbd-weatherford"},{"name":"Your CBD Store - Longview","type":"store","phone":"(903) 234-8555","city":"Longview","state":"Texas","zipcode":"75605","slug":"your-cbd-store-longview"},{"name":"ARTISAN VAPOR & CBD Collins","type":"store","phone":"(682) 252-7225","city":"Arlington","state":"Texas","zipcode":"76011","slug":"artisan-vapor-cbd-collins"},{"name":"ARTISAN VAPOR & CBD Lake Worth","type":"store","phone":"(817) 615-9945","city":"Forth Worth","state":"Texas","zipcode":"76135","slug":"artisan-vapor-cbd-lake-worth"},{"name":"CBD American Shaman - Cedar Hill","type":"store","phone":"(469) 454-6953","city":"Cedar Hill","state":"Texas","zipcode":"75104","slug":"cbd-american-shaman-cedar-hill"},{"name":"CBD American Shaman - Mall Circle Dr","type":"store","phone":"(817) 720-6205","city":"Fort Worth","state":"Texas","zipcode":"76116","slug":"cbd-american-shaman-mall-circle-dr"},{"name":"CBD American Shaman - Marina Bay Dr","type":"store","phone":"(281) 549-6098","city":"League City","state":"Texas","zipcode":"77573","slug":"cbd-american-shaman-marina-bay-dr"},{"name":"CBD American Shaman - Plainview","type":"store","phone":"(806) 213-0040","city":"Plainview","state":"Texas","zipcode":"79072","slug":"cbd-american-shaman-plainview"},{"name":"ARTISAN VAPOR & CBD Trophy Club","type":"store","phone":"(817) 490-6090","city":"Trophy Club","state":"Texas","zipcode":"76262","slug":"artisan-vapor-cbd-trophy-club"},{"name":"Purely CBD - NW Dallas","type":"store","phone":"214-484-8539","city":"Dallas","state":"Texas","zipcode":"75220","slug":"purely-cbd-nw-dallas"},{"name":"ARTISAN VAPOR & CBD East Plano","type":"store","phone":"(972) 881-8273","city":"Plano","state":"Texas","zipcode":"75074","slug":"artisan-vapor-cbd-east-plano"},{"name":"SA Botanicals - Northstar Mall","type":"store","phone":"888-733-4493","city":"San Antonio","state":"Texas","zipcode":"78216","slug":"sa-botanicals-northstar-mall"},{"name":"Dr. Desiree B. Thomas","type":"doctor","phone":"(713) 442-0000","city":"Houston","state":"Texas","zipcode":"77025","slug":"dr-desiree-b-thomas"},{"name":"Your CBD Store - Harlingen","type":"store","phone":"(956) 230-0445","city":"Harlingen","state":"Texas","zipcode":"78550","slug":"your-cbd-store-harlingen"},{"name":"SA Botanicals - Culebra & Callaghan Outlet","type":"store","phone":"888-733-4493","city":"San Antonio","state":"Texas","zipcode":"78228","slug":"sa-botanicals-culebra-callaghan-outlet"},{"name":"CBD American Shaman - Irving","type":"store","phone":"(469) 206-3159","city":"Irving","state":"Texas","zipcode":"75039","slug":"cbd-american-shaman-irving"},{"name":"Purely CBD - Hulen","type":"store","phone":" (817) 386-2019","city":"Fort Worth","state":"Texas","zipcode":"76132","slug":"purely-cbd-hulen"},{"name":"CBD American Shaman - Roanoke","type":"store","phone":"Coming Soon","city":"Roanoke","state":"Texas","zipcode":"76262","slug":"cbd-american-shaman-roanoke"},{"name":"ARTISAN VAPOR & CBD Mid-County","type":"store","phone":"(409) 853-1649","city":"Port Arthur","state":"Texas","zipcode":"77642","slug":"artisan-vapor-cbd-mid-county"},{"name":"CBD American Shaman - Humble","type":"store","phone":"(281) 725-6030","city":"Humble","state":"Texas","zipcode":"77338","slug":"cbd-american-shaman-humble"},{"name":"Your CBD Store - Keller","type":"store","phone":"(682) 593-7299","city":"Keller","state":"Texas","zipcode":"76248","slug":"your-cbd-store-keller"},{"name":"CBD American Shaman - Murphy","type":"store","phone":"(469) 209-9680","city":"Murphy","state":"Texas","zipcode":"75094","slug":"cbd-american-shaman-murphy"},{"name":"CBD American Shaman - Stone Oak Pkwy","type":"store","phone":"(210) 332-5266","city":"San Antonio","state":"Texas","zipcode":"78258","slug":"cbd-american-shaman-stone-oak-pkwy"},{"name":"CBD American Shaman - Arlington","type":"store","phone":"(682) 276-6881","city":"Arlington","state":"Texas","zipcode":"76017","slug":"cbd-american-shaman-arlington"},{"name":"CBD American Shaman - Cypress","type":"store","phone":"(832) 334-5922","city":"Cypress","state":"Texas","zipcode":"77429","slug":"cbd-american-shaman-cypress"},{"name":"Purely Wellness LLC","type":"store","phone":"(682) 800-9192","city":"Arlington","state":"Texas","zipcode":"76016","slug":"purely-wellness-llc"},{"name":"CBD American Shaman - 82nd St","type":"store","phone":"(806) 317-1866","city":"Lubbock","state":"Texas","zipcode":"79423","slug":"cbd-american-shaman-82nd-st"},{"name":"CBD American Shaman - North Austin","type":"store","phone":"5123693913","city":"Austin","state":"Texas","zipcode":"78717","slug":"cbd-american-shaman-north-austin"},{"name":"Joy Organics - Austin","type":"store","phone":"(512) 992-0288","city":"Austin","state":"Texas","zipcode":"78703","slug":"joy-organics-austin"},{"name":"420Recs.com - Houston (100% Online)","type":"doctor","phone":"650-300-4334","city":"Houston","state":"Texas","zipcode":"77019","slug":"420recs-houston"},{"name":"CBD American Shaman - Forney","type":"store","phone":"Coming Soon","city":"Forney","state":"Texas","zipcode":"75126","slug":"cbd-american-shaman-forney"},{"name":"Your CBD Store - San Antonio","type":"store","phone":"(210) 701-8040","city":"San Antonio","state":"Texas","zipcode":"78257","slug":"your-cbd-store-san-antonio"},{"name":"Your CBD Store - South McAllen","type":"store","phone":"(956) 627-1094","city":"McAllen","state":"Texas","zipcode":"78503","slug":"your-cbd-store-south-mcallen"},{"name":"CBD American Shaman - Wichita Falls","type":"store","phone":"(940) 500-4490","city":"Wichita Falls","state":"Texas","zipcode":"76308","slug":"cbd-american-shaman-wichita-falls"},{"name":"ARTISAN VAPOR & CBD East Chase Ft. Worth","type":"store","phone":"(682) 701-6330","city":"Fort Worth","state":"Texas","zipcode":"76126","slug":"artisan-vapor-cbd-east-chase-ft-worth"},{"name":"SA Botanicals - SouthPark Mall","type":"store","phone":" 888-733-4493","city":"San Antonio","state":"Texas","zipcode":"78224","slug":"sa-botanicals-southpark-mall"},{"name":"Your CBD Store - Addison","type":"store","phone":"(469) 677-6220","city":"Addison","state":"Texas","zipcode":"75001","slug":"your-cbd-store-addison"},{"name":"ARTISAN VAPOR & CBD Fort Worth","type":"store","phone":"(817) 370-7710","city":"Fort Worth","state":"Texas","zipcode":"76132","slug":"artisan-vapor-cbd-fort-worth"},{"name":"SA Botanicals - The shops at La Cantera","type":"store","phone":"888-733-4493","city":"San Antonio","state":"Texas","zipcode":"78256","slug":"sa-botanicals-the-shops-at-la-cantera"},{"name":"SA Botanicals - Huebner & Babcock","type":"store","phone":"888-733-4493","city":"San Antonio","state":"Texas","zipcode":"78240","slug":"sa-botanicals-huebner-babcock-1"},{"name":"CBD American Shaman - Missouri City","type":"store","phone":"(281) 969-5677","city":"Missouri City","state":"Texas","zipcode":"77459","slug":"cbd-american-shaman-missouri-city"},{"name":"Dr. Joshua Rotenberg","type":"doctor","phone":"(713) 464-4107","city":"Houston","state":"Texas","zipcode":"77024","slug":"dr-joshua-rotenberg"},{"name":"Elevated Wellness | CBD - Montrose","type":"store","phone":"(832) 607-0895","city":"Houston","state":"Texas","zipcode":"77006","slug":"elevated-wellness-cbd-westhiemer-road"},{"name":"CBD American Shaman - Terrell","type":"store","phone":"(972) 210-7082","city":"Terrell","state":"Texas","zipcode":"75160","slug":"cbd-american-shaman-terrell"},{"name":"Miracle Leaf Texas","type":"doctor","phone":"8332603624","city":"Austin","state":"Texas","zipcode":"78701","slug":"miracle-leaf-texas"},{"name":"Purely CBD - Woodhaven","type":"store","phone":"(817) 504-1919","city":"Fort Worth","state":"Texas","zipcode":"76063","slug":"purely-cbd-woodhaven"},{"name":"Your CBD Store - Katy","type":"store","phone":"(281) 676-4933","city":"Katy","state":"Texas","zipcode":"77450","slug":"your-cbd-store-katy"},{"name":"CBD American Shaman - 2023 W McDermott","type":"store","phone":"(469) 202-4707","city":"Allen","state":"Texas","zipcode":"75013","slug":"cbd-american-shaman-2023-w-mcdermott"},{"name":"CBD American Shaman - Pflugerville","type":"store","phone":"(512) 305-3150","city":"Pflugerville","state":"Texas","zipcode":"78660","slug":"cbd-american-shaman-pflugerville"},{"name":"CBD American Shaman - Crabb River Rd","type":"store","phone":"(713) 581-4614","city":"Richmond","state":"Texas","zipcode":"77469","slug":"cbd-american-shaman-crabb-river-rd"},{"name":"CBD American Shaman - North Keller","type":"store","phone":"(682) 593-7566","city":"Keller","state":"Texas","zipcode":"76248","slug":"cbd-american-shaman-north-keller"},{"name":"Your CBD Store - Fort Worth","type":"store","phone":"(817) 521-9001","city":"Fort Worth","state":"Texas","zipcode":"76110","slug":"your-cbd-store-fort-worth-hemp-cbd-only"},{"name":"CBD American Shaman - Rowlett","type":"store","phone":"(469) 969-0333","city":"Rowlett","state":"Texas","zipcode":"75088","slug":"cbd-american-shaman-rowlett"},{"name":"Your CBD Store - McKinney","type":"store","phone":"(214) 548-5353","city":"McKinney","state":"Texas","zipcode":"75070","slug":"your-cbd-store-mckinney"},{"name":"CBD American Shaman - Lake Highlands","type":"store","phone":"(972) 685-5233","city":"Dallas","state":"Texas","zipcode":"75238","slug":"cbd-american-shaman-lake-highlands"},{"name":"ARTISAN VAPOR & CBD Tyler","type":"store","phone":"(903) 630-5568","city":"Tyler","state":"Texas","zipcode":"75703","slug":"artisan-vapor-cbd-tyler"},{"name":"CBD American Shaman - Desoto","type":"store","phone":"(469) 297-5854","city":"Desoto","state":"Texas","zipcode":"75115","slug":"cbd-american-shaman-desoto"},{"name":"ARTISAN VAPOR & CBD Irving","type":"store","phone":"(972) 215-7791","city":"Irving","state":"Texas","zipcode":"75062","slug":"artisan-vapor-cbd-irving"},{"name":"Your CBD Store - Hewitt","type":"store","phone":"(254) 218-2588","city":"Hewitt","state":"Texas","zipcode":"76643","slug":"your-cbd-store-hewitt"},{"name":"CBD American Shaman - 549 W McDermott","type":"store","phone":"(214) 620-9344","city":"Allen","state":"Texas","zipcode":"75013","slug":"cbd-american-shaman-549-w-mcdermott"},{"name":"CBD American Shaman - Audelia Rd","type":"store","phone":"(214) 730-9651","city":"Richardson","state":"Texas","zipcode":"75081","slug":"cbd-american-shaman-audelia-rd"},{"name":"ARTISAN VAPOR & CBD Grapevine","type":"store","phone":"(682) 223-1728","city":"Grapevine","state":"Texas","zipcode":"76051","slug":"artisan-vapor-cbd-grapevine"},{"name":"CBD American Shaman - Sycamore School Rd","type":"store","phone":"(682) 557-1738","city":"Fort Worth","state":"Texas","zipcode":"76133","slug":"cbd-american-shaman-sycamore-school-rd"},{"name":"ARTISAN VAPOR & CBD Denton","type":"store","phone":"(940) 514-1797","city":"Denton","state":"Texas","zipcode":"75062","slug":"artisan-vapor-cbd-denton"},{"name":"ARTISAN VAPOR & CBD Bedford","type":"store","phone":"(817) 203-1226","city":"Bedford","state":"Texas","zipcode":"76022","slug":"artisan-vapor-cbd-bedford"},{"name":"SA Botanicals - N St Mary’s St","type":"store","phone":"888-733-4493","city":"San Antonio","state":"Texas","zipcode":"78212","slug":"sa-botanicals-n-st-mary-s-st"},{"name":"ROSEBUDS","type":"doctor","phone":"774-224-0904","city":"Austin","state":"Texas","zipcode":"76031","slug":"rosebuds"},{"name":"CBD American Shaman - Galveston","type":"store","phone":"(409) 497-2164","city":"Galveston","state":"Texas","zipcode":"77551","slug":"cbd-american-shaman-galveston"},{"name":"Purely CBD - North Dallas","type":"store","phone":"(469) 872-0040","city":"Dallas","state":"Texas","zipcode":"75252","slug":"purely-cbd-north-dallas"},{"name":"CBD American Shaman - Denison","type":"store","phone":"(903) 416-9211","city":"Denison","state":"Texas","zipcode":"75020","slug":"cbd-american-shaman-denison"},{"name":"CBD American Shaman - Webster","type":"store","phone":"(281) 254-5592","city":"Webster","state":"Texas","zipcode":"77598","slug":"cbd-american-shaman-webster"},{"name":"CBD American Shaman - Katy Freeway","type":"store","phone":"(832) 421-2978","city":"Houston","state":"Texas","zipcode":"77043","slug":"cbd-american-shaman-katy-freeway"},{"name":"CBD American Shaman - LBJ Freeway","type":"store","phone":"(469) 941-4141","city":"Dallas","state":"Texas","zipcode":"75240","slug":"cbd-american-shaman-lbj-freeway"},{"name":"CBD American Shaman - North Richland","type":"store","phone":"(318) 787-7478","city":"North Richland","state":"Texas","zipcode":"76148","slug":"cbd-american-shaman-north-richland"},{"name":"CBD American Shaman - Spring Cypress","type":"store","phone":"(281) 782-6063","city":"Spring","state":"Texas","zipcode":"77379","slug":"cbd-american-shaman-spring-cypress"},{"name":"ARTISAN VAPOR & CBD Frisco","type":"store","phone":"(469) 516-0899","city":"Frisco","state":"Texas","zipcode":"75033","slug":"artisan-vapor-cbd-frisco"},{"name":"Texas 420 Doctors","type":"doctor","phone":"8334201710","city":"San Antonio","state":"Texas","zipcode":"33196","slug":"texas-420-doctors"},{"name":"CBD American Shaman - Kingwood","type":"store","phone":"(281) 623-5203","city":"Kingwood","state":"Texas","zipcode":"77339","slug":"cbd-american-shaman-kingwood"},{"name":"CBD American Shaman - Flower Mound","type":"store","phone":"(214) 876-2921","city":"Flower Mound","state":"Texas","zipcode":"75028","slug":"cbd-american-shaman-flower-mound"},{"name":"CBD American Shaman - Southlake","type":"store","phone":"(817) 900-6060","city":"Southlake","state":"Texas","zipcode":"76092","slug":"cbd-american-shaman-southlake"},{"name":"CBD American Shaman - Highland Village","type":"store","phone":"(972) 685-2414","city":"Highland Village","state":"Texas","zipcode":"75077","slug":"cbd-american-shaman-highland-village"},{"name":"CBD American Shaman - Copperfield","type":"store","phone":"(832) 906-6547","city":"Houston","state":"Texas","zipcode":"77095","slug":"cbd-american-shaman-copperfield"},{"name":"ARTISAN VAPOR & CBD Hulen","type":"store","phone":"(817) 720-3400","city":"Fort Worth","state":"Texas","zipcode":"76107","slug":"artisan-vapor-cbd-hulen"},{"name":"ARTISAN VAPOR & CBD Carrollton","type":"store","phone":"(469) 521-9072","city":"Carrollton","state":"Texas","zipcode":"75007","slug":"artisan-vapor-cbd-carrollton"},{"name":"CBD American Shaman - South Houston","type":"store","phone":"(346) 227-8786","city":"Houston","state":"Texas","zipcode":"77034","slug":"cbd-american-shaman-south-houston"},{"name":"CBD American Shaman - FM 2920","type":"store","phone":"(713) 870-4448","city":"Spring","state":"Texas","zipcode":"77388","slug":"cbd-american-shaman-fm-2920"},{"name":"CBD American Shaman - 34th St","type":"store","phone":"(806) 317-1664","city":"Lubbock","state":"Texas","zipcode":"79410","slug":"cbd-american-shaman-34th-st"},{"name":"CBD American Shaman - George Bush Turnpike","type":"store","phone":"(972) 905-5096","city":"Plano","state":"Texas","zipcode":"75075","slug":"cbd-american-shaman-george-bush-turnpike"},{"name":"Purely CBD - University","type":"store","phone":"(682)410-0142","city":"Forth Worth","state":"Texas","zipcode":"76109","slug":"purely-cbd-university"},{"name":"Purely CBD - Tyler","type":"store","phone":"(682)410-0142","city":"Tyler","state":"Texas","zipcode":"75701","slug":"purely-cbd-tyler"},{"name":"Your CBD Store - Amarillo South","type":"store","phone":"(806) 437-1381","city":"Amarillo","state":"Texas","zipcode":"79119","slug":"your-cbd-store-amarillo-south"},{"name":"Your CBD Store - Tyler","type":"store","phone":"(903) 630-5808","city":"Tyler","state":"Texas","zipcode":"75703","slug":"your-cbd-store-tyler"},{"name":"ARTISAN VAPOR & CBD FireWheel","type":"store","phone":"(972) 495-4995","city":"Garland","state":"Texas","zipcode":"75040","slug":"artisan-vapor-cbd-firewheel"},{"name":"Your CBD Store - Spring","type":"store","phone":"(346) 305-9880","city":"Spring","state":"Texas","zipcode":"77388","slug":"your-cbd-store-spring"},{"name":"CBD American Shaman - N Plano Rd","type":"store","phone":"(469) 730-2133","city":"Richardson","state":"Texas","zipcode":"75081","slug":"cbd-american-shaman-n-plano-rd"},{"name":"CBD American Shaman - South Austin","type":"store","phone":"(512) 520-8027","city":"Austin","state":"Texas","zipcode":"78745","slug":"cbd-american-shaman-south-austin"},{"name":"Your CBD Store - Vintage Park","type":"store","phone":"(346) 325-9403","city":"Houston","state":"Texas","zipcode":"77070","slug":"your-cbd-store-vintage-park"},{"name":"CBD American Shaman - FM 423","type":"store","phone":"(469) 200-5636","city":"Frisco","state":"Texas","zipcode":"75034","slug":"cbd-american-shaman-fm-423"},{"name":"SA Botanicals - Nacogdoches & Loop 410 Outlet","type":"store","phone":"888-733-4493","city":"San Antonio","state":"Texas","zipcode":"78217","slug":"sa-botanicals-nacogdoches-loop-410-outlet"},{"name":"Elevated Wellness | CBD - League City","type":"store","phone":"(281) 678-8260","city":"Dickinson","state":"Texas","zipcode":"77539","slug":"elevated-wellness-cbd-league-city"},{"name":"Your CBD Store - Decatur","type":"store","phone":"(940) 255-9943","city":"Decatur","state":"Texas","zipcode":"76244","slug":"your-cbd-store-decatur"},{"name":"CBD American Shaman - Frisco","type":"store","phone":"(469) 888-4141","city":"Frisco","state":"Texas","zipcode":"75034","slug":"cbd-american-shaman-frisco"},{"name":"CBD American Shaman - McKinney","type":"store","phone":"(346) 342-1165","city":"McKinney","state":"Texas","zipcode":"75070","slug":"cbd-american-shaman-mckinney"},{"name":"SA Botanicals - Ingram Park Mall","type":"store","phone":"888-733-4493","city":"San Antonio","state":"Texas","zipcode":"78238","slug":"sa-botanicals-ingram-park-mall"},{"name":"CBD American Shaman - Atascocita","type":"store","phone":"(346) 345-2937","city":"Atascocita","state":"Texas","zipcode":"77346","slug":"cbd-american-shaman-atascocita"},{"name":"CBD American Shaman - Greenville Ave","type":"store","phone":"(469) 499-7947","city":"Dallas","state":"Texas","zipcode":"75206","slug":"cbd-american-shaman-greenville-ave"},{"name":"SA Botanicals - Ingram & Loop 410 Outlet","type":"store","phone":"888-733-4493","city":"San Antonio","state":"Texas","zipcode":"78238","slug":"sa-botanicals-ingram-loop-410-outlet"},{"name":"Your CBD Store - Amarillo","type":"store","phone":"(806) 437-1381","city":"Amarillo","state":"Texas","zipcode":"79109","slug":"your-cbd-store-amarillo"},{"name":"Purely CBD - Cedar Hill","type":"store","phone":"(972) 998-0737","city":"Cedar Hill","state":"Texas","zipcode":"75104","slug":"purely-cbd-cedar-hill"},{"name":"Purely CBD - N Fort Worth","type":"store","phone":"(817) 849-9347","city":"Fort Worth","state":"Texas","zipcode":"76137","slug":"purely-cbd-n-fort-worth"},{"name":"CBD American Shaman - 50th St","type":"store","phone":"(806) 407-3600","city":"Lubbock","state":"Texas","zipcode":"79412","slug":"cbd-american-shaman-50th-st"},{"name":"Your CBD Store - Universal City","type":"store","phone":"(210) 467-5347","city":"Universal City","state":"Texas","zipcode":"78148","slug":"your-cbd-store-universal-city"},{"name":"Your CBD Store - Mesquite","type":"store","phone":"(972) 968-7223","city":"Mesquite","state":"Texas","zipcode":"75150","slug":"your-cbd-store-mesquite"},{"name":"SA Botanicals - Strand Shopping Center","type":"store","phone":"(210) 455-3499","city":"San Antonio","state":"Texas","zipcode":"78230","slug":"sa-botanicals-strand-shopping-center"},{"name":"CBD American Shaman - Harry Hines Blvd","type":"store","phone":"(469) 461-1555","city":"Dallas","state":"Texas","zipcode":"75229","slug":"cbd-american-shaman-harry-hines-blvd"},{"name":"Purely CBD - Carrier Parkway","type":"store","phone":"(682)410-0142","city":"Arlington","state":"Texas","zipcode":"76006","slug":"purely-cbd-carrier-parkway"},{"name":"CBD American Shaman - Boerne","type":"store","phone":"(830) 368-5020","city":"Boerne","state":"Texas","zipcode":"78006","slug":"cbd-american-shaman-boerne"},{"name":"Purely CBD - Arlington","type":"store","phone":"(682) 410-0142","city":"Arlington","state":"Texas","zipcode":"76001","slug":"purely-cbd-arlington"},{"name":"CBD American Shaman - Clifford St","type":"store","phone":"(817) 901-3363","city":"Fort Worth","state":"Texas","zipcode":"76108","slug":"cbd-american-shaman-clifford-st"},{"name":"ARTISAN VAPOR & CBD Dallas","type":"store","phone":"(972) 925-0474","city":"Dallas","state":"Texas","zipcode":"75219","slug":"artisan-vapor-cbd-dallas"},{"name":"Your CBD Store - Conroe","type":"store","phone":"(936) 494-0959","city":"Conroe","state":"Texas","zipcode":"77304","slug":"your-cbd-store-conroe"},{"name":"CBD American Shaman - Hwy 6 S","type":"store","phone":"(346) 342-1165","city":"Houston","state":"Texas","zipcode":"77083","slug":"cbd-american-shaman-hwy-6-s"},{"name":"CBD American Shaman - Clear Lake City Blvd","type":"store","phone":"(346) 230-7097","city":"Houston","state":"Texas","zipcode":"77062","slug":"cbd-american-shaman-clear-lake-city-blvd"},{"name":"Your CBD Store - Frisco","type":"store","phone":"(214) 494-2433","city":"Frisco","state":"Texas","zipcode":"75034","slug":"your-cbd-store-frisco"},{"name":"CBD American Shaman - Cedar Park","type":"store","phone":"Coming Soon","city":"Cedar Park","state":"Texas","zipcode":"78613","slug":"cbd-american-shaman-cedar-park"},{"name":"CBD American Shaman - Fredericksburg Rd","type":"store","phone":"(210) 439-1458","city":"San Antonio","state":"Texas","zipcode":"78201","slug":"cbd-american-shaman-fredericksburg-rd"},{"name":"CBD American Shaman - Cypresswood Dr","type":"store","phone":"(832) 932-5100","city":"Spring","state":"Texas","zipcode":"77379","slug":"cbd-american-shaman-cypresswood-dr"},{"name":"CBD American Shaman - Addison","type":"store","phone":"(469) 209-9680","city":"Addison","state":"Texas","zipcode":"75001","slug":"cbd-american-shaman-addison"},{"name":"CBD American Shaman - Hub City","type":"store","phone":"(806) 701-4852","city":"Lubbock","state":"Texas","zipcode":"79416","slug":"cbd-american-shaman-hub-city"},{"name":"Dr. Michael S. Perry","type":"doctor","phone":"(682) 885-2500","city":"Fort Worth","state":"Texas","zipcode":"76104","slug":"dr-michael-s-perry"},{"name":"ARTISAN VAPOR & CBD Flower Mound","type":"store","phone":"1-972-514-1129","city":"Flower Mound","state":"Texas","zipcode":"75022","slug":"artisan-vapor-cbd-flower-mound"},{"name":"The Glass House TX Dallas","type":"store","phone":"972-432-4846","city":"Dallas","state":"Texas","zipcode":"75248","slug":"the-glass-house-tx-dallas-hemp-cbd-only"},{"name":"CBD American Shaman - Willis","type":"store","phone":"Coming Soon","city":"Willis","state":"Texas","zipcode":"77378","slug":"cbd-american-shaman-willis"},{"name":"ARTISAN VAPOR & CBD West Plano","type":"store","phone":"(972) 378-6736","city":"Dallas","state":"Texas","zipcode":"75287","slug":"artisan-vapor-cbd-west-plano"},{"name":"CBD American Shaman - Grand Parkway","type":"store","phone":"(713) 538-8756","city":"Richmond","state":"Texas","zipcode":"77498","slug":"cbd-american-shaman-grand-parkway"},{"name":"Texas Cannabis Clinic","type":"doctor","phone":"(512) 892-7092","city":"Austin","state":"Texas","zipcode":"78735","slug":"texas-cannabis-clinic"},{"name":"Elevated Wellness | CBD - Austin","type":"store","phone":"512-382-1200","city":"Austin","state":"Texas","zipcode":"78751","slug":"elevated-wellness-cbd-austin"},{"name":"Purely CBD - Fort Worth","type":"store","phone":"817-510-3582","city":"Hurst","state":"Texas","zipcode":"76053","slug":"purely-cbd-fort-worth"},{"name":"ARTISAN VAPOR & CBD Mansfield","type":"store","phone":"(817) 225-6930","city":"Mansfield","state":"Texas","zipcode":"76063","slug":"artisan-vapor-cbd-mansfield"},{"name":"CBD American Shaman - Tyler","type":"store","phone":"(903) 630-5814","city":"Tyler","state":"Texas","zipcode":"75703","slug":"cbd-american-shaman-tyler"},{"name":"CBD American Shaman - W Hebron Pkwy","type":"store","phone":"(469) 263-0056","city":"Carrollton","state":"Texas","zipcode":"75010","slug":"cbd-american-shaman-w-hebron-pkwy"},{"name":"CBD American Shaman - W 15th St","type":"store","phone":"(469) 910-8171","city":"Plano","state":"Texas","zipcode":"75075","slug":"cbd-american-shaman-w5th-st"},{"name":"ARTISAN VAPOR & CBD McKinney","type":"store","phone":"(214) 856-4388","city":"McKinney","state":"Texas","zipcode":"75071","slug":"artisan-vapor-cbd-mckinney"},{"name":"ARTISAN VAPOR & CBD Arlington","type":"store","phone":"(817) 466-9084","city":"Arlington","state":"Texas","zipcode":"76017","slug":"artisan-vapor-cbd-arlington"},{"name":"CBD American Shaman - Culebra Rd","type":"store","phone":"(210) 474-0025","city":"San Antonio","state":"Texas","zipcode":"78251","slug":"cbd-american-shaman-culebra-rd"}]}}